,0,1,2,3,4,5,6,7,8,9,10
0,0.0,1.0,0.0,0.0,0.0,0.0,0.0,0.0,1.0,35431.0,4.0
1,1.0,0.0,0.0,0.0,0.0,1.0,0.0,0.0,0.0,192714.0,5.0
2,0.0,1.0,0.0,0.0,0.0,0.0,0.0,0.0,1.0,84714.0,4.0
3,0.0,0.0,0.0,1.0,0.0,0.0,0.0,0.0,1.0,154365.0,4.0
4,0.0,0.0,1.0,0.0,0.0,1.0,0.0,0.0,0.0,181577.0,3.0
5,0.0,1.0,0.0,0.0,0.0,0.0,0.0,1.0,0.0,42652.0,4.0
6,0.0,0.0,0.0,1.0,0.0,1.0,0.0,0.0,0.0,163453.0,4.0
7,0.0,1.0,0.0,0.0,0.0,0.0,0.0,0.0,1.0,43120.0,4.0
8,0.0,0.0,1.0,0.0,0.0,0.0,0.0,0.0,1.0,130538.0,4.0
9,0.0,1.0,0.0,0.0,0.0,1.0,0.0,0.0,0.0,51029.0,4.0
10,0.0,0.0,1.0,0.0,0.0,0.0,0.0,0.0,1.0,167421.0,4.0
11,0.0,0.0,1.0,0.0,0.0,0.0,1.0,0.0,0.0,17119.0,4.0
12,0.0,0.0,1.0,0.0,0.0,0.0,0.0,0.0,1.0,102303.0,4.0
13,0.0,0.0,1.0,0.0,0.0,0.0,0.0,0.0,1.0,134181.0,4.0
14,0.0,1.0,0.0,0.0,0.0,1.0,0.0,0.0,0.0,199833.0,4.0
15,0.0,0.0,0.0,1.0,0.0,1.0,0.0,0.0,0.0,205592.0,4.0
16,0.0,0.0,0.0,1.0,0.0,0.0,0.0,1.0,0.0,96742.0,4.0
17,1.0,0.0,0.0,0.0,0.0,0.0,0.0,0.0,1.0,194189.0,5.0
18,0.0,0.0,1.0,0.0,0.0,0.0,0.0,0.0,1.0,67991.0,3.0
19,0.0,0.0,1.0,0.0,0.0,1.0,0.0,0.0,0.0,215820.0,4.0
20,0.0,0.0,0.0,1.0,0.0,1.0,0.0,0.0,0.0,124844.0,4.0
21,0.0,1.0,0.0,0.0,0.0,1.0,0.0,0.0,0.0,30615.0,4.0
22,0.0,0.0,0.0,1.0,0.0,0.0,0.0,0.0,1.0,148744.0,4.0
23,0.0,1.0,0.0,0.0,0.0,0.0,1.0,0.0,0.0,130075.0,4.0
24,0.0,1.0,0.0,0.0,0.0,1.0,0.0,0.0,0.0,172718.0,4.0
25,0.0,1.0,0.0,0.0,0.0,1.0,0.0,0.0,0.0,125819.0,4.0
26,0.0,1.0,0.0,0.0,0.0,0.0,0.0,0.0,1.0,180390.0,4.0
27,0.0,1.0,0.0,0.0,0.0,0.0,1.0,0.0,0.0,82783.0,4.0
28,0.0,1.0,0.0,0.0,0.0,0.0,0.0,0.0,1.0,56687.0,4.0
29,0.0,0.0,0.0,1.0,0.0,0.0,0.0,0.0,1.0,112004.0,4.0
30,0.0,0.0,1.0,0.0,0.0,1.0,0.0,0.0,0.0,34024.0,4.0
31,0.0,0.0,0.0,1.0,0.0,0.0,0.0,0.0,1.0,108569.0,4.0
32,0.0,0.0,1.0,0.0,0.0,0.0,0.0,0.0,1.0,203795.0,4.0
33,0.0,0.0,1.0,0.0,0.0,0.0,1.0,0.0,0.0,153554.0,3.0
34,0.0,1.0,0.0,0.0,0.0,1.0,0.0,0.0,0.0,71949.0,4.0
35,0.0,1.0,0.0,0.0,0.0,1.0,0.0,0.0,0.0,191622.0,4.0
36,0.0,0.0,1.0,0.0,0.0,1.0,0.0,0.0,0.0,38186.0,4.0
37,0.0,0.0,1.0,0.0,0.0,0.0,0.0,0.0,1.0,69888.0,4.0
38,0.0,0.0,1.0,0.0,0.0,1.0,0.0,0.0,0.0,146430.0,3.0
39,0.0,0.0,0.0,1.0,0.0,0.0,1.0,0.0,0.0,109868.0,4.0
40,0.0,0.0,0.0,1.0,0.0,0.0,0.0,0.0,1.0,177894.0,4.0
41,0.0,0.0,0.0,1.0,0.0,1.0,0.0,0.0,0.0,189209.0,4.0
42,0.0,1.0,0.0,0.0,1.0,0.0,0.0,0.0,0.0,200490.0,4.0
43,0.0,0.0,0.0,1.0,0.0,1.0,0.0,0.0,0.0,141617.0,4.0
44,0.0,0.0,0.0,1.0,0.0,1.0,0.0,0.0,0.0,213893.0,4.0
45,0.0,0.0,1.0,0.0,0.0,1.0,0.0,0.0,0.0,231057.0,4.0
46,0.0,0.0,0.0,1.0,0.0,0.0,0.0,0.0,1.0,100938.0,4.0
47,0.0,0.0,0.0,1.0,0.0,1.0,0.0,0.0,0.0,243969.0,4.0
48,0.0,0.0,1.0,0.0,0.0,0.0,0.0,0.0,1.0,107096.0,3.0
49,0.0,0.0,0.0,1.0,1.0,0.0,0.0,0.0,0.0,86333.0,4.0
50,0.0,0.0,0.0,1.0,0.0,0.0,0.0,1.0,0.0,184878.0,4.0
51,0.0,1.0,0.0,0.0,0.0,0.0,0.0,0.0,1.0,161068.0,4.0
52,0.0,0.0,0.0,1.0,0.0,1.0,0.0,0.0,0.0,77646.0,4.0
53,0.0,0.0,0.0,1.0,0.0,1.0,0.0,0.0,0.0,246817.0,4.0
54,0.0,0.0,0.0,1.0,0.0,0.0,0.0,0.0,1.0,109384.0,4.0
55,1.0,0.0,0.0,0.0,0.0,0.0,0.0,0.0,1.0,79937.0,5.0
56,0.0,1.0,0.0,0.0,0.0,0.0,0.0,0.0,1.0,82039.0,4.0
57,1.0,0.0,0.0,0.0,0.0,0.0,0.0,1.0,0.0,162176.0,5.0
58,0.0,0.0,0.0,1.0,0.0,0.0,0.0,1.0,0.0,97375.0,4.0
59,0.0,0.0,0.0,1.0,0.0,1.0,0.0,0.0,0.0,230908.0,4.0
60,1.0,0.0,0.0,0.0,0.0,0.0,0.0,1.0,0.0,208124.0,5.0
61,0.0,1.0,0.0,0.0,1.0,0.0,0.0,0.0,0.0,16933.0,4.0
62,0.0,1.0,0.0,0.0,0.0,0.0,1.0,0.0,0.0,57198.0,4.0
63,0.0,1.0,0.0,0.0,0.0,0.0,1.0,0.0,0.0,47019.0,4.0
64,0.0,0.0,0.0,1.0,0.0,0.0,0.0,0.0,1.0,170085.0,4.0
65,1.0,0.0,0.0,0.0,0.0,0.0,0.0,0.0,1.0,178796.0,5.0
66,0.0,0.0,0.0,1.0,0.0,1.0,0.0,0.0,0.0,223390.0,4.0
67,0.0,0.0,0.0,1.0,1.0,0.0,0.0,0.0,0.0,93054.0,4.0
68,0.0,0.0,0.0,1.0,0.0,1.0,0.0,0.0,0.0,42459.0,4.0
69,1.0,0.0,0.0,0.0,0.0,0.0,0.0,0.0,1.0,37513.0,5.0
70,0.0,0.0,1.0,0.0,0.0,0.0,0.0,0.0,1.0,123121.0,4.0
71,0.0,0.0,0.0,1.0,0.0,0.0,1.0,0.0,0.0,204213.0,4.0
72,0.0,1.0,0.0,0.0,0.0,0.0,0.0,0.0,1.0,116986.0,4.0
73,0.0,0.0,0.0,1.0,0.0,0.0,0.0,1.0,0.0,227262.0,4.0
74,0.0,0.0,0.0,1.0,0.0,1.0,0.0,0.0,0.0,191232.0,4.0
75,0.0,0.0,0.0,1.0,0.0,1.0,0.0,0.0,0.0,156478.0,4.0
76,0.0,0.0,0.0,1.0,0.0,1.0,0.0,0.0,0.0,140465.0,4.0
77,0.0,0.0,0.0,1.0,0.0,0.0,0.0,0.0,1.0,126669.0,4.0
78,0.0,0.0,0.0,1.0,0.0,1.0,0.0,0.0,0.0,238425.0,4.0
79,0.0,1.0,0.0,0.0,0.0,1.0,0.0,0.0,0.0,186146.0,4.0
80,0.0,1.0,0.0,0.0,1.0,0.0,0.0,0.0,0.0,149879.0,4.0
81,0.0,0.0,0.0,1.0,0.0,1.0,0.0,0.0,0.0,34097.0,4.0
82,0.0,0.0,1.0,0.0,0.0,1.0,0.0,0.0,0.0,180021.0,3.0
83,0.0,0.0,0.0,1.0,0.0,1.0,0.0,0.0,0.0,248447.0,4.0
84,0.0,0.0,0.0,1.0,0.0,0.0,1.0,0.0,0.0,61651.0,4.0
85,0.0,0.0,1.0,0.0,0.0,1.0,0.0,0.0,0.0,24219.0,3.0
86,0.0,0.0,1.0,0.0,0.0,1.0,0.0,0.0,0.0,209359.0,4.0
87,0.0,1.0,0.0,0.0,0.0,1.0,0.0,0.0,0.0,108415.0,4.0
88,0.0,0.0,1.0,0.0,0.0,0.0,0.0,1.0,0.0,61892.0,4.0
89,0.0,0.0,0.0,1.0,0.0,1.0,0.0,0.0,0.0,90249.0,4.0
90,0.0,0.0,1.0,0.0,0.0,0.0,0.0,0.0,1.0,197844.0,4.0
91,0.0,0.0,0.0,1.0,0.0,0.0,0.0,0.0,1.0,53765.0,4.0
92,0.0,1.0,0.0,0.0,0.0,0.0,0.0,0.0,1.0,115183.0,4.0
93,0.0,1.0,0.0,0.0,0.0,0.0,0.0,0.0,1.0,130783.0,4.0
94,0.0,1.0,0.0,0.0,0.0,0.0,1.0,0.0,0.0,130076.0,4.0
95,0.0,1.0,0.0,0.0,0.0,1.0,0.0,0.0,0.0,143707.0,4.0
96,0.0,0.0,0.0,1.0,0.0,1.0,0.0,0.0,0.0,29856.0,4.0
97,0.0,0.0,0.0,1.0,1.0,0.0,0.0,0.0,0.0,133433.0,4.0
98,0.0,0.0,0.0,1.0,0.0,0.0,0.0,1.0,0.0,147455.0,4.0
99,0.0,1.0,0.0,0.0,0.0,1.0,0.0,0.0,0.0,48069.0,4.0
100,0.0,1.0,0.0,0.0,0.0,1.0,0.0,0.0,0.0,146233.0,4.0
101,0.0,0.0,0.0,1.0,0.0,0.0,0.0,0.0,1.0,224657.0,4.0
102,0.0,1.0,0.0,0.0,0.0,0.0,0.0,0.0,1.0,150582.0,4.0
103,0.0,1.0,0.0,0.0,0.0,0.0,0.0,0.0,1.0,195787.0,4.0
104,0.0,1.0,0.0,0.0,0.0,0.0,0.0,0.0,1.0,71329.0,4.0
105,0.0,1.0,0.0,0.0,0.0,1.0,0.0,0.0,0.0,229206.0,4.0
106,0.0,0.0,0.0,1.0,0.0,0.0,0.0,0.0,1.0,218803.0,4.0
107,0.0,1.0,0.0,0.0,0.0,0.0,0.0,0.0,1.0,184869.0,4.0
108,0.0,0.0,1.0,0.0,0.0,1.0,0.0,0.0,0.0,129769.0,3.0
109,0.0,1.0,0.0,0.0,0.0,1.0,0.0,0.0,0.0,219217.0,4.0
110,0.0,0.0,0.0,1.0,0.0,0.0,0.0,0.0,1.0,221050.0,4.0
111,0.0,0.0,1.0,0.0,0.0,0.0,0.0,0.0,1.0,82726.0,4.0
112,0.0,0.0,1.0,0.0,0.0,0.0,0.0,0.0,1.0,72122.0,4.0
113,0.0,0.0,1.0,0.0,0.0,1.0,0.0,0.0,0.0,43149.0,4.0
114,0.0,0.0,1.0,0.0,0.0,0.0,0.0,0.0,1.0,24077.0,4.0
115,0.0,0.0,0.0,1.0,1.0,0.0,0.0,0.0,0.0,20714.0,4.0
116,0.0,0.0,0.0,1.0,1.0,0.0,0.0,0.0,0.0,26979.0,4.0
117,0.0,0.0,1.0,0.0,0.0,0.0,0.0,0.0,1.0,223889.0,4.0
118,0.0,0.0,1.0,0.0,0.0,1.0,0.0,0.0,0.0,166938.0,4.0
119,1.0,0.0,0.0,0.0,0.0,0.0,0.0,0.0,1.0,18394.0,5.0
120,0.0,0.0,1.0,0.0,0.0,0.0,0.0,0.0,1.0,212081.0,3.0
121,0.0,0.0,1.0,0.0,0.0,1.0,0.0,0.0,0.0,206073.0,4.0
122,0.0,0.0,1.0,0.0,0.0,1.0,0.0,0.0,0.0,174008.0,4.0
123,0.0,0.0,0.0,1.0,0.0,0.0,0.0,0.0,1.0,138274.0,4.0
124,0.0,0.0,1.0,0.0,1.0,0.0,0.0,0.0,0.0,67364.0,4.0
125,0.0,0.0,0.0,1.0,0.0,1.0,0.0,0.0,0.0,83784.0,4.0
126,0.0,0.0,0.0,1.0,0.0,0.0,0.0,0.0,1.0,71805.0,4.0
127,1.0,0.0,0.0,0.0,0.0,0.0,0.0,1.0,0.0,35807.0,5.0
128,0.0,0.0,1.0,0.0,0.0,0.0,0.0,0.0,1.0,175777.0,4.0
129,0.0,0.0,0.0,1.0,0.0,0.0,0.0,0.0,1.0,94818.0,4.0
130,0.0,0.0,1.0,0.0,0.0,1.0,0.0,0.0,0.0,18994.0,4.0
131,0.0,0.0,0.0,1.0,0.0,0.0,0.0,1.0,0.0,29689.0,4.0
132,0.0,0.0,0.0,1.0,0.0,0.0,0.0,0.0,1.0,109013.0,4.0
133,0.0,1.0,0.0,0.0,0.0,0.0,1.0,0.0,0.0,125802.0,4.0
134,0.0,0.0,0.0,1.0,0.0,0.0,0.0,0.0,1.0,22788.0,4.0
135,0.0,1.0,0.0,0.0,0.0,1.0,0.0,0.0,0.0,43981.0,4.0
136,0.0,0.0,0.0,1.0,0.0,0.0,0.0,0.0,1.0,132055.0,4.0
137,0.0,1.0,0.0,0.0,0.0,1.0,0.0,0.0,0.0,31677.0,4.0
138,0.0,0.0,0.0,1.0,0.0,0.0,0.0,1.0,0.0,133195.0,4.0
139,0.0,1.0,0.0,0.0,0.0,1.0,0.0,0.0,0.0,137233.0,4.0
140,0.0,0.0,1.0,0.0,0.0,1.0,0.0,0.0,0.0,179666.0,4.0
141,0.0,0.0,0.0,1.0,0.0,0.0,0.0,0.0,1.0,80378.0,4.0
142,0.0,1.0,0.0,0.0,0.0,0.0,0.0,0.0,1.0,21393.0,4.0
143,0.0,0.0,1.0,0.0,0.0,1.0,0.0,0.0,0.0,41554.0,4.0
144,1.0,0.0,0.0,0.0,0.0,1.0,0.0,0.0,0.0,98886.0,5.0
145,0.0,0.0,1.0,0.0,0.0,0.0,0.0,0.0,1.0,123923.0,4.0
146,1.0,0.0,0.0,0.0,0.0,0.0,0.0,0.0,1.0,148949.0,3.0
147,0.0,0.0,0.0,1.0,0.0,1.0,0.0,0.0,0.0,103909.0,4.0
148,0.0,0.0,0.0,1.0,0.0,0.0,0.0,0.0,1.0,50604.0,4.0
149,0.0,0.0,0.0,1.0,0.0,0.0,1.0,0.0,0.0,168432.0,4.0
150,0.0,0.0,1.0,0.0,0.0,0.0,0.0,0.0,1.0,129188.0,4.0
151,0.0,1.0,0.0,0.0,0.0,0.0,0.0,1.0,0.0,223416.0,4.0
152,0.0,0.0,0.0,1.0,0.0,0.0,0.0,0.0,1.0,66538.0,4.0
153,0.0,0.0,1.0,0.0,0.0,0.0,1.0,0.0,0.0,149042.0,3.0
154,0.0,0.0,1.0,0.0,0.0,0.0,0.0,0.0,1.0,149347.0,3.0
155,1.0,0.0,0.0,0.0,0.0,0.0,0.0,0.0,1.0,39267.0,5.0
156,0.0,0.0,1.0,0.0,0.0,0.0,0.0,0.0,1.0,150826.0,4.0
157,0.0,0.0,0.0,1.0,1.0,0.0,0.0,0.0,0.0,147540.0,4.0
158,0.0,0.0,0.0,1.0,0.0,0.0,1.0,0.0,0.0,218482.0,4.0
159,0.0,1.0,0.0,0.0,0.0,0.0,0.0,0.0,1.0,202855.0,4.0
160,0.0,1.0,0.0,0.0,0.0,0.0,0.0,0.0,1.0,213793.0,4.0
161,1.0,0.0,0.0,0.0,0.0,1.0,0.0,0.0,0.0,86805.0,5.0
162,0.0,1.0,0.0,0.0,0.0,0.0,0.0,0.0,1.0,100527.0,4.0
163,0.0,1.0,0.0,0.0,0.0,1.0,0.0,0.0,0.0,37678.0,4.0
164,0.0,0.0,1.0,0.0,0.0,0.0,0.0,0.0,1.0,215169.0,4.0
165,0.0,0.0,1.0,0.0,0.0,1.0,0.0,0.0,0.0,211249.0,4.0
166,0.0,1.0,0.0,0.0,0.0,1.0,0.0,0.0,0.0,96389.0,4.0
167,0.0,1.0,0.0,0.0,0.0,1.0,0.0,0.0,0.0,50417.0,4.0
168,0.0,0.0,1.0,0.0,0.0,1.0,0.0,0.0,0.0,178405.0,4.0
169,0.0,0.0,1.0,0.0,0.0,1.0,0.0,0.0,0.0,163423.0,4.0
170,0.0,0.0,0.0,1.0,0.0,1.0,0.0,0.0,0.0,63975.0,4.0
171,0.0,0.0,0.0,1.0,0.0,0.0,0.0,0.0,1.0,97036.0,4.0
172,0.0,1.0,0.0,0.0,0.0,1.0,0.0,0.0,0.0,54380.0,4.0
173,0.0,0.0,1.0,0.0,1.0,0.0,0.0,0.0,0.0,240536.0,4.0
174,0.0,0.0,0.0,1.0,0.0,0.0,0.0,0.0,1.0,188755.0,4.0
175,0.0,0.0,0.0,1.0,0.0,1.0,0.0,0.0,0.0,51155.0,4.0
176,0.0,0.0,0.0,1.0,0.0,1.0,0.0,0.0,0.0,94916.0,4.0
177,0.0,0.0,0.0,1.0,0.0,1.0,0.0,0.0,0.0,38544.0,4.0
178,0.0,1.0,0.0,0.0,0.0,0.0,0.0,0.0,1.0,113066.0,4.0
179,1.0,0.0,0.0,0.0,1.0,0.0,0.0,0.0,0.0,158339.0,5.0
180,0.0,0.0,0.0,1.0,0.0,0.0,0.0,1.0,0.0,33400.0,4.0
181,0.0,0.0,1.0,0.0,0.0,0.0,0.0,0.0,1.0,118470.0,3.0
182,0.0,0.0,0.0,1.0,0.0,1.0,0.0,0.0,0.0,89501.0,4.0
183,0.0,0.0,0.0,1.0,0.0,0.0,0.0,0.0,1.0,87594.0,4.0
184,0.0,0.0,1.0,0.0,0.0,0.0,1.0,0.0,0.0,32754.0,4.0
185,0.0,0.0,1.0,0.0,0.0,0.0,0.0,1.0,0.0,191810.0,3.0
186,0.0,1.0,0.0,0.0,1.0,0.0,0.0,0.0,0.0,61749.0,4.0
187,0.0,0.0,0.0,1.0,0.0,1.0,0.0,0.0,0.0,237190.0,4.0
188,0.0,1.0,0.0,0.0,0.0,0.0,0.0,0.0,1.0,166028.0,4.0
189,1.0,0.0,0.0,0.0,0.0,1.0,0.0,0.0,0.0,126441.0,5.0
190,0.0,0.0,0.0,1.0,0.0,0.0,1.0,0.0,0.0,58118.0,4.0
191,0.0,1.0,0.0,0.0,0.0,1.0,0.0,0.0,0.0,76343.0,4.0
192,0.0,0.0,0.0,1.0,0.0,0.0,0.0,0.0,1.0,188338.0,4.0
193,0.0,0.0,0.0,1.0,1.0,0.0,0.0,0.0,0.0,40285.0,4.0
194,0.0,1.0,0.0,0.0,0.0,0.0,0.0,0.0,1.0,74192.0,4.0
195,0.0,0.0,0.0,1.0,0.0,0.0,1.0,0.0,0.0,172401.0,4.0
196,0.0,1.0,0.0,0.0,0.0,1.0,0.0,0.0,0.0,78153.0,4.0
197,0.0,0.0,0.0,1.0,0.0,0.0,1.0,0.0,0.0,146940.0,4.0
198,0.0,0.0,1.0,0.0,0.0,0.0,0.0,0.0,1.0,193874.0,4.0
199,0.0,1.0,0.0,0.0,0.0,1.0,0.0,0.0,0.0,184320.0,4.0
200,0.0,0.0,1.0,0.0,0.0,0.0,0.0,0.0,1.0,66461.0,3.0
201,0.0,1.0,0.0,0.0,0.0,0.0,0.0,1.0,0.0,95243.0,4.0
202,0.0,1.0,0.0,0.0,0.0,1.0,0.0,0.0,0.0,84719.0,4.0
203,0.0,0.0,0.0,1.0,0.0,1.0,0.0,0.0,0.0,99761.0,4.0
204,0.0,0.0,1.0,0.0,0.0,0.0,0.0,1.0,0.0,150563.0,4.0
205,0.0,0.0,0.0,1.0,0.0,1.0,0.0,0.0,0.0,154576.0,4.0
206,0.0,1.0,0.0,0.0,0.0,0.0,0.0,0.0,1.0,211862.0,4.0
207,0.0,0.0,1.0,0.0,1.0,0.0,0.0,0.0,0.0,125251.0,4.0
208,0.0,0.0,0.0,1.0,0.0,1.0,0.0,0.0,0.0,90856.0,4.0
209,0.0,1.0,0.0,0.0,0.0,0.0,0.0,0.0,1.0,128411.0,4.0
210,0.0,0.0,0.0,1.0,1.0,0.0,0.0,0.0,0.0,24764.0,4.0
211,0.0,1.0,0.0,0.0,0.0,0.0,0.0,0.0,1.0,43437.0,4.0
212,0.0,1.0,0.0,0.0,0.0,0.0,0.0,0.0,1.0,25729.0,4.0
213,0.0,1.0,0.0,0.0,0.0,0.0,1.0,0.0,0.0,238825.0,4.0
214,1.0,0.0,0.0,0.0,0.0,0.0,1.0,0.0,0.0,206446.0,5.0
215,1.0,0.0,0.0,0.0,0.0,0.0,0.0,0.0,1.0,75042.0,5.0
216,0.0,1.0,0.0,0.0,0.0,1.0,0.0,0.0,0.0,42324.0,4.0
217,0.0,0.0,0.0,1.0,0.0,0.0,0.0,0.0,1.0,183368.0,4.0
218,0.0,0.0,1.0,0.0,0.0,1.0,0.0,0.0,0.0,141962.0,4.0
219,0.0,0.0,0.0,1.0,0.0,0.0,1.0,0.0,0.0,214179.0,4.0
220,1.0,0.0,0.0,0.0,0.0,0.0,0.0,0.0,1.0,195419.0,5.0
221,0.0,0.0,1.0,0.0,0.0,1.0,0.0,0.0,0.0,158730.0,3.0
222,0.0,1.0,0.0,0.0,0.0,0.0,0.0,0.0,1.0,28791.0,4.0
223,0.0,0.0,0.0,1.0,0.0,0.0,0.0,0.0,1.0,117504.0,4.0
224,0.0,1.0,0.0,0.0,0.0,1.0,0.0,0.0,0.0,63825.0,4.0
225,0.0,0.0,0.0,1.0,0.0,0.0,1.0,0.0,0.0,142598.0,4.0
226,0.0,0.0,0.0,1.0,0.0,0.0,0.0,0.0,1.0,88015.0,4.0
227,1.0,0.0,0.0,0.0,0.0,1.0,0.0,0.0,0.0,79301.0,5.0
228,0.0,0.0,0.0,1.0,0.0,0.0,0.0,1.0,0.0,241987.0,4.0
229,1.0,0.0,0.0,0.0,0.0,0.0,0.0,1.0,0.0,39323.0,5.0
230,0.0,0.0,1.0,0.0,0.0,0.0,0.0,0.0,1.0,209259.0,4.0
231,0.0,1.0,0.0,0.0,0.0,0.0,0.0,1.0,0.0,120306.0,4.0
232,0.0,0.0,0.0,1.0,0.0,1.0,0.0,0.0,0.0,148421.0,4.0
233,0.0,0.0,0.0,1.0,0.0,1.0,0.0,0.0,0.0,225286.0,4.0
234,0.0,1.0,0.0,0.0,0.0,0.0,0.0,0.0,1.0,108206.0,4.0
235,0.0,0.0,0.0,1.0,0.0,0.0,1.0,0.0,0.0,32080.0,4.0
236,0.0,1.0,0.0,0.0,0.0,1.0,0.0,0.0,0.0,61828.0,4.0
237,0.0,1.0,0.0,0.0,0.0,1.0,0.0,0.0,0.0,173693.0,4.0
238,1.0,0.0,0.0,0.0,0.0,0.0,0.0,0.0,1.0,194157.0,5.0
239,0.0,0.0,0.0,1.0,1.0,0.0,0.0,0.0,0.0,224479.0,4.0
240,0.0,1.0,0.0,0.0,0.0,1.0,0.0,0.0,0.0,232904.0,4.0
241,0.0,0.0,1.0,0.0,0.0,0.0,0.0,0.0,1.0,196374.0,4.0
242,0.0,0.0,0.0,1.0,0.0,0.0,0.0,0.0,1.0,48184.0,4.0
243,0.0,0.0,1.0,0.0,0.0,0.0,1.0,0.0,0.0,189739.0,4.0
244,0.0,1.0,0.0,0.0,0.0,0.0,0.0,1.0,0.0,164352.0,4.0
245,0.0,1.0,0.0,0.0,0.0,1.0,0.0,0.0,0.0,26616.0,4.0
246,0.0,0.0,0.0,1.0,0.0,0.0,0.0,0.0,1.0,203804.0,4.0
247,0.0,0.0,0.0,1.0,0.0,0.0,0.0,0.0,1.0,58054.0,4.0
248,1.0,0.0,0.0,0.0,0.0,1.0,0.0,0.0,0.0,63321.0,3.0
249,1.0,0.0,0.0,0.0,0.0,0.0,0.0,1.0,0.0,33911.0,5.0
250,1.0,0.0,0.0,0.0,0.0,0.0,0.0,0.0,1.0,173915.0,5.0
251,0.0,0.0,0.0,1.0,1.0,0.0,0.0,0.0,0.0,217253.0,4.0
252,0.0,1.0,0.0,0.0,0.0,1.0,0.0,0.0,0.0,228037.0,4.0
253,0.0,0.0,0.0,1.0,1.0,0.0,0.0,0.0,0.0,140756.0,4.0
254,0.0,0.0,1.0,0.0,0.0,1.0,0.0,0.0,0.0,179718.0,4.0
255,0.0,0.0,1.0,0.0,0.0,1.0,0.0,0.0,0.0,124116.0,4.0
256,0.0,0.0,1.0,0.0,0.0,1.0,0.0,0.0,0.0,65719.0,4.0
257,0.0,0.0,1.0,0.0,0.0,0.0,0.0,1.0,0.0,128235.0,4.0
258,0.0,0.0,1.0,0.0,0.0,0.0,0.0,1.0,0.0,157169.0,4.0
259,0.0,1.0,0.0,0.0,0.0,0.0,0.0,1.0,0.0,61504.0,4.0
260,0.0,0.0,0.0,1.0,0.0,0.0,0.0,0.0,1.0,242084.0,4.0
261,0.0,0.0,0.0,1.0,0.0,0.0,0.0,0.0,1.0,61623.0,4.0
262,0.0,1.0,0.0,0.0,0.0,0.0,1.0,0.0,0.0,46085.0,4.0
263,0.0,1.0,0.0,0.0,0.0,0.0,0.0,0.0,1.0,67599.0,4.0
264,0.0,0.0,0.0,1.0,0.0,0.0,0.0,0.0,1.0,59222.0,4.0
265,0.0,1.0,0.0,0.0,0.0,0.0,0.0,0.0,1.0,113250.0,4.0
266,0.0,1.0,0.0,0.0,1.0,0.0,0.0,0.0,0.0,237861.0,4.0
267,0.0,1.0,0.0,0.0,0.0,1.0,0.0,0.0,0.0,136392.0,4.0
268,1.0,0.0,0.0,0.0,0.0,0.0,0.0,0.0,1.0,29534.0,5.0
269,0.0,0.0,1.0,0.0,0.0,0.0,1.0,0.0,0.0,190794.0,3.0
270,0.0,1.0,0.0,0.0,0.0,1.0,0.0,0.0,0.0,223685.0,4.0
271,0.0,1.0,0.0,0.0,0.0,0.0,0.0,0.0,1.0,85975.0,4.0
272,1.0,0.0,0.0,0.0,0.0,0.0,0.0,0.0,1.0,23996.0,5.0
273,0.0,0.0,0.0,1.0,0.0,1.0,0.0,0.0,0.0,85473.0,4.0
274,0.0,0.0,0.0,1.0,0.0,0.0,0.0,0.0,1.0,236674.0,4.0
275,0.0,0.0,1.0,0.0,0.0,1.0,0.0,0.0,0.0,193135.0,3.0
276,0.0,1.0,0.0,0.0,0.0,0.0,0.0,0.0,1.0,20601.0,4.0
277,1.0,0.0,0.0,0.0,0.0,1.0,0.0,0.0,0.0,245427.0,5.0
278,0.0,1.0,0.0,0.0,0.0,1.0,0.0,0.0,0.0,106494.0,4.0
279,0.0,0.0,0.0,1.0,0.0,0.0,0.0,0.0,1.0,196840.0,4.0
280,0.0,0.0,1.0,0.0,0.0,0.0,0.0,0.0,1.0,116279.0,4.0
281,1.0,0.0,0.0,0.0,0.0,1.0,0.0,0.0,0.0,158266.0,3.0
282,0.0,1.0,0.0,0.0,0.0,0.0,0.0,0.0,1.0,195829.0,4.0
283,0.0,0.0,0.0,1.0,0.0,1.0,0.0,0.0,0.0,239004.0,4.0
284,0.0,1.0,0.0,0.0,0.0,0.0,0.0,1.0,0.0,238609.0,4.0
285,0.0,0.0,0.0,1.0,0.0,0.0,1.0,0.0,0.0,44436.0,4.0
286,0.0,1.0,0.0,0.0,0.0,0.0,0.0,0.0,1.0,224292.0,4.0
287,0.0,0.0,1.0,0.0,0.0,0.0,0.0,0.0,1.0,43540.0,4.0
288,0.0,1.0,0.0,0.0,0.0,0.0,1.0,0.0,0.0,37606.0,4.0
289,0.0,0.0,1.0,0.0,0.0,0.0,0.0,0.0,1.0,215130.0,4.0
290,0.0,0.0,0.0,1.0,1.0,0.0,0.0,0.0,0.0,198564.0,4.0
291,0.0,1.0,0.0,0.0,0.0,0.0,0.0,1.0,0.0,11035.0,4.0
292,0.0,0.0,0.0,1.0,0.0,0.0,0.0,1.0,0.0,197616.0,4.0
293,0.0,1.0,0.0,0.0,0.0,0.0,0.0,0.0,1.0,171260.0,4.0
294,0.0,0.0,0.0,1.0,0.0,0.0,0.0,0.0,1.0,20985.0,4.0
295,0.0,1.0,0.0,0.0,0.0,0.0,0.0,0.0,1.0,246079.0,4.0
296,0.0,0.0,1.0,0.0,0.0,0.0,0.0,0.0,1.0,133441.0,4.0
297,0.0,0.0,0.0,1.0,0.0,0.0,0.0,1.0,0.0,162665.0,4.0
298,0.0,0.0,0.0,1.0,0.0,1.0,0.0,0.0,0.0,44815.0,4.0
299,0.0,0.0,0.0,1.0,1.0,0.0,0.0,0.0,0.0,103472.0,4.0
300,0.0,0.0,1.0,0.0,0.0,0.0,0.0,0.0,1.0,234161.0,4.0
301,0.0,0.0,0.0,1.0,0.0,1.0,0.0,0.0,0.0,222542.0,4.0
302,0.0,1.0,0.0,0.0,0.0,1.0,0.0,0.0,0.0,230570.0,4.0
303,0.0,0.0,0.0,1.0,0.0,0.0,0.0,0.0,1.0,134862.0,4.0
304,0.0,0.0,0.0,1.0,0.0,0.0,0.0,0.0,1.0,55828.0,4.0
305,0.0,1.0,0.0,0.0,0.0,0.0,0.0,0.0,1.0,61163.0,4.0
306,0.0,1.0,0.0,0.0,0.0,0.0,0.0,1.0,0.0,108681.0,4.0
307,0.0,0.0,1.0,0.0,0.0,1.0,0.0,0.0,0.0,174825.0,3.0
308,1.0,0.0,0.0,0.0,0.0,0.0,1.0,0.0,0.0,203517.0,5.0
309,0.0,0.0,0.0,1.0,0.0,0.0,1.0,0.0,0.0,180760.0,4.0
310,0.0,0.0,0.0,1.0,0.0,1.0,0.0,0.0,0.0,52054.0,4.0
311,0.0,0.0,0.0,1.0,0.0,1.0,0.0,0.0,0.0,118308.0,4.0
312,0.0,0.0,0.0,1.0,0.0,0.0,0.0,0.0,1.0,12141.0,4.0
313,1.0,0.0,0.0,0.0,0.0,1.0,0.0,0.0,0.0,85692.0,5.0
314,0.0,0.0,1.0,0.0,0.0,1.0,0.0,0.0,0.0,104355.0,4.0
315,0.0,0.0,0.0,1.0,0.0,0.0,0.0,0.0,1.0,230943.0,4.0
316,0.0,0.0,0.0,1.0,0.0,0.0,0.0,0.0,1.0,64158.0,4.0
317,0.0,1.0,0.0,0.0,0.0,0.0,0.0,0.0,1.0,29514.0,4.0
318,0.0,1.0,0.0,0.0,0.0,0.0,1.0,0.0,0.0,94062.0,4.0
319,0.0,0.0,1.0,0.0,0.0,0.0,0.0,0.0,1.0,102039.0,3.0
320,0.0,0.0,0.0,1.0,0.0,1.0,0.0,0.0,0.0,179468.0,4.0
321,0.0,1.0,0.0,0.0,0.0,0.0,0.0,1.0,0.0,163045.0,4.0
322,0.0,0.0,0.0,1.0,0.0,1.0,0.0,0.0,0.0,165301.0,4.0
323,0.0,0.0,0.0,1.0,0.0,1.0,0.0,0.0,0.0,161572.0,4.0
324,0.0,0.0,0.0,1.0,0.0,0.0,1.0,0.0,0.0,151291.0,4.0
325,0.0,0.0,0.0,1.0,0.0,1.0,0.0,0.0,0.0,234051.0,4.0
326,0.0,0.0,0.0,1.0,0.0,1.0,0.0,0.0,0.0,232912.0,4.0
327,1.0,0.0,0.0,0.0,0.0,1.0,0.0,0.0,0.0,130817.0,3.0
328,0.0,0.0,0.0,1.0,0.0,1.0,0.0,0.0,0.0,135080.0,4.0
329,0.0,0.0,1.0,0.0,0.0,1.0,0.0,0.0,0.0,197823.0,3.0
330,0.0,0.0,0.0,1.0,0.0,0.0,0.0,0.0,1.0,170466.0,4.0
331,0.0,0.0,0.0,1.0,0.0,0.0,0.0,0.0,1.0,112292.0,4.0
332,0.0,0.0,1.0,0.0,0.0,1.0,0.0,0.0,0.0,195494.0,4.0
333,0.0,0.0,1.0,0.0,0.0,1.0,0.0,0.0,0.0,111015.0,3.0
334,0.0,1.0,0.0,0.0,0.0,1.0,0.0,0.0,0.0,247869.0,4.0
335,0.0,0.0,0.0,1.0,1.0,0.0,0.0,0.0,0.0,188514.0,4.0
336,0.0,0.0,0.0,1.0,0.0,0.0,1.0,0.0,0.0,165225.0,4.0
337,0.0,1.0,0.0,0.0,1.0,0.0,0.0,0.0,0.0,175075.0,4.0
338,0.0,1.0,0.0,0.0,0.0,0.0,0.0,0.0,1.0,187663.0,4.0
339,0.0,0.0,0.0,1.0,0.0,0.0,0.0,1.0,0.0,65435.0,4.0
340,0.0,1.0,0.0,0.0,0.0,0.0,0.0,0.0,1.0,80664.0,4.0
341,0.0,0.0,0.0,1.0,0.0,0.0,0.0,0.0,1.0,119439.0,4.0
342,0.0,0.0,0.0,1.0,0.0,0.0,0.0,1.0,0.0,97345.0,4.0
343,0.0,1.0,0.0,0.0,0.0,1.0,0.0,0.0,0.0,144093.0,4.0
344,0.0,0.0,1.0,0.0,0.0,1.0,0.0,0.0,0.0,73926.0,4.0
345,0.0,0.0,0.0,1.0,0.0,0.0,0.0,0.0,1.0,127161.0,4.0
346,0.0,1.0,0.0,0.0,0.0,0.0,0.0,0.0,1.0,40749.0,4.0
347,0.0,0.0,1.0,0.0,0.0,1.0,0.0,0.0,0.0,192557.0,4.0
348,0.0,0.0,0.0,1.0,0.0,0.0,0.0,0.0,1.0,117571.0,4.0
349,1.0,0.0,0.0,0.0,0.0,0.0,0.0,0.0,1.0,176864.0,5.0
350,0.0,1.0,0.0,0.0,0.0,1.0,0.0,0.0,0.0,191658.0,4.0
351,0.0,0.0,0.0,1.0,1.0,0.0,0.0,0.0,0.0,132103.0,4.0
352,0.0,1.0,0.0,0.0,0.0,0.0,0.0,1.0,0.0,47933.0,4.0
353,0.0,0.0,0.0,1.0,0.0,0.0,0.0,0.0,1.0,50756.0,4.0
354,0.0,1.0,0.0,0.0,0.0,1.0,0.0,0.0,0.0,196835.0,4.0
355,0.0,1.0,0.0,0.0,0.0,1.0,0.0,0.0,0.0,106744.0,4.0
356,0.0,0.0,0.0,1.0,0.0,1.0,0.0,0.0,0.0,96363.0,4.0
357,0.0,0.0,1.0,0.0,0.0,0.0,0.0,0.0,1.0,181271.0,4.0
358,1.0,0.0,0.0,0.0,0.0,1.0,0.0,0.0,0.0,103283.0,3.0
359,0.0,0.0,0.0,1.0,0.0,0.0,0.0,0.0,1.0,134415.0,4.0
360,0.0,1.0,0.0,0.0,1.0,0.0,0.0,0.0,0.0,155682.0,4.0
361,0.0,0.0,0.0,1.0,0.0,0.0,0.0,0.0,1.0,164093.0,4.0
362,0.0,0.0,0.0,1.0,0.0,1.0,0.0,0.0,0.0,119745.0,4.0
363,0.0,0.0,1.0,0.0,1.0,0.0,0.0,0.0,0.0,13266.0,4.0
364,0.0,1.0,0.0,0.0,0.0,0.0,0.0,0.0,1.0,145850.0,4.0
365,0.0,0.0,1.0,0.0,0.0,0.0,0.0,0.0,1.0,24420.0,4.0
366,0.0,1.0,0.0,0.0,0.0,0.0,0.0,0.0,1.0,213324.0,4.0
367,0.0,1.0,0.0,0.0,0.0,0.0,0.0,0.0,1.0,34822.0,4.0
368,0.0,0.0,0.0,1.0,0.0,0.0,0.0,1.0,0.0,180473.0,4.0
369,0.0,0.0,1.0,0.0,0.0,0.0,0.0,0.0,1.0,133069.0,3.0
370,0.0,1.0,0.0,0.0,0.0,0.0,0.0,0.0,1.0,71283.0,4.0
371,0.0,1.0,0.0,0.0,0.0,1.0,0.0,0.0,0.0,23545.0,4.0
372,0.0,1.0,0.0,0.0,1.0,0.0,0.0,0.0,0.0,178774.0,4.0
373,0.0,0.0,0.0,1.0,0.0,1.0,0.0,0.0,0.0,112223.0,4.0
374,0.0,0.0,0.0,1.0,0.0,1.0,0.0,0.0,0.0,198570.0,4.0
375,0.0,0.0,0.0,1.0,0.0,0.0,0.0,0.0,1.0,214493.0,4.0
376,0.0,0.0,1.0,0.0,0.0,0.0,0.0,0.0,1.0,64362.0,4.0
377,0.0,1.0,0.0,0.0,0.0,1.0,0.0,0.0,0.0,104304.0,4.0
378,0.0,0.0,1.0,0.0,0.0,1.0,0.0,0.0,0.0,71527.0,4.0
379,0.0,1.0,0.0,0.0,0.0,0.0,0.0,0.0,1.0,220876.0,4.0
380,0.0,0.0,1.0,0.0,0.0,1.0,0.0,0.0,0.0,76412.0,4.0
381,0.0,0.0,0.0,1.0,0.0,1.0,0.0,0.0,0.0,243255.0,4.0
382,0.0,0.0,1.0,0.0,0.0,0.0,0.0,0.0,1.0,103728.0,4.0
383,0.0,1.0,0.0,0.0,0.0,0.0,0.0,0.0,1.0,144088.0,4.0
384,0.0,1.0,0.0,0.0,0.0,1.0,0.0,0.0,0.0,196526.0,4.0
385,0.0,1.0,0.0,0.0,0.0,0.0,0.0,0.0,1.0,89291.0,4.0
386,0.0,0.0,1.0,0.0,0.0,1.0,0.0,0.0,0.0,18044.0,3.0
387,0.0,0.0,1.0,0.0,0.0,0.0,0.0,0.0,1.0,88908.0,4.0
388,0.0,1.0,0.0,0.0,0.0,0.0,0.0,0.0,1.0,24358.0,4.0
389,0.0,0.0,0.0,1.0,0.0,0.0,0.0,0.0,1.0,175955.0,4.0
390,0.0,0.0,0.0,1.0,0.0,0.0,0.0,0.0,1.0,223625.0,4.0
391,0.0,0.0,0.0,1.0,0.0,0.0,0.0,0.0,1.0,177571.0,4.0
392,0.0,0.0,0.0,1.0,0.0,0.0,0.0,0.0,1.0,227387.0,4.0
393,0.0,0.0,0.0,1.0,0.0,1.0,0.0,0.0,0.0,164956.0,4.0
394,1.0,0.0,0.0,0.0,0.0,1.0,0.0,0.0,0.0,85320.0,3.0
395,0.0,0.0,0.0,1.0,0.0,0.0,1.0,0.0,0.0,83293.0,4.0
396,0.0,0.0,0.0,1.0,0.0,0.0,0.0,0.0,1.0,210123.0,4.0
397,0.0,0.0,0.0,1.0,0.0,0.0,0.0,0.0,1.0,193629.0,4.0
398,0.0,0.0,0.0,1.0,0.0,0.0,0.0,0.0,1.0,241454.0,4.0
399,1.0,0.0,0.0,0.0,0.0,1.0,0.0,0.0,0.0,93792.0,3.0
400,0.0,0.0,0.0,1.0,0.0,0.0,0.0,1.0,0.0,157432.0,4.0
401,0.0,1.0,0.0,0.0,1.0,0.0,0.0,0.0,0.0,226391.0,4.0
402,0.0,1.0,0.0,0.0,0.0,1.0,0.0,0.0,0.0,152547.0,4.0
403,0.0,0.0,1.0,0.0,0.0,1.0,0.0,0.0,0.0,10954.0,4.0
404,0.0,0.0,0.0,1.0,0.0,0.0,0.0,0.0,1.0,83594.0,4.0
405,1.0,0.0,0.0,0.0,0.0,1.0,0.0,0.0,0.0,142189.0,3.0
406,0.0,1.0,0.0,0.0,0.0,1.0,0.0,0.0,0.0,210446.0,4.0
407,0.0,1.0,0.0,0.0,0.0,1.0,0.0,0.0,0.0,172266.0,4.0
408,0.0,0.0,0.0,1.0,0.0,1.0,0.0,0.0,0.0,169449.0,4.0
409,0.0,0.0,0.0,1.0,0.0,0.0,0.0,0.0,1.0,179727.0,4.0
410,0.0,0.0,0.0,1.0,0.0,1.0,0.0,0.0,0.0,244204.0,4.0
411,1.0,0.0,0.0,0.0,0.0,1.0,0.0,0.0,0.0,72575.0,5.0
412,1.0,0.0,0.0,0.0,0.0,1.0,0.0,0.0,0.0,55789.0,3.0
413,0.0,0.0,0.0,1.0,1.0,0.0,0.0,0.0,0.0,240937.0,4.0
414,0.0,0.0,0.0,1.0,0.0,0.0,0.0,1.0,0.0,193006.0,4.0
415,0.0,1.0,0.0,0.0,0.0,0.0,0.0,0.0,1.0,10953.0,4.0
416,0.0,1.0,0.0,0.0,0.0,0.0,0.0,0.0,1.0,18933.0,4.0
417,0.0,1.0,0.0,0.0,0.0,1.0,0.0,0.0,0.0,37625.0,4.0
418,0.0,0.0,1.0,0.0,0.0,0.0,0.0,0.0,1.0,176135.0,3.0
419,0.0,1.0,0.0,0.0,0.0,1.0,0.0,0.0,0.0,234760.0,4.0
420,0.0,1.0,0.0,0.0,0.0,0.0,0.0,0.0,1.0,128072.0,4.0
421,0.0,0.0,0.0,1.0,0.0,1.0,0.0,0.0,0.0,81864.0,4.0
422,0.0,0.0,0.0,1.0,0.0,0.0,0.0,0.0,1.0,149466.0,4.0
423,0.0,0.0,1.0,0.0,1.0,0.0,0.0,0.0,0.0,141109.0,4.0
424,0.0,0.0,0.0,1.0,0.0,0.0,0.0,0.0,1.0,189194.0,4.0
425,0.0,0.0,0.0,1.0,0.0,1.0,0.0,0.0,0.0,42480.0,4.0
426,0.0,0.0,0.0,1.0,0.0,0.0,0.0,0.0,1.0,146307.0,4.0
427,1.0,0.0,0.0,0.0,0.0,0.0,0.0,1.0,0.0,131587.0,5.0
428,0.0,0.0,0.0,1.0,0.0,1.0,0.0,0.0,0.0,98890.0,4.0
429,0.0,0.0,0.0,1.0,0.0,1.0,0.0,0.0,0.0,188658.0,4.0
430,0.0,0.0,1.0,0.0,0.0,1.0,0.0,0.0,0.0,45668.0,4.0
431,1.0,0.0,0.0,0.0,0.0,0.0,1.0,0.0,0.0,162607.0,5.0
432,0.0,0.0,0.0,1.0,0.0,0.0,0.0,0.0,1.0,149989.0,4.0
433,0.0,1.0,0.0,0.0,0.0,0.0,0.0,1.0,0.0,169579.0,4.0
434,0.0,0.0,0.0,1.0,0.0,0.0,0.0,0.0,1.0,36463.0,4.0
435,0.0,1.0,0.0,0.0,0.0,0.0,0.0,0.0,1.0,28625.0,4.0
436,1.0,0.0,0.0,0.0,0.0,0.0,0.0,1.0,0.0,100060.0,5.0
437,0.0,0.0,1.0,0.0,0.0,0.0,0.0,0.0,1.0,43600.0,4.0
438,0.0,0.0,0.0,1.0,0.0,1.0,0.0,0.0,0.0,52196.0,4.0
439,0.0,0.0,0.0,1.0,1.0,0.0,0.0,0.0,0.0,59249.0,4.0
440,0.0,1.0,0.0,0.0,0.0,1.0,0.0,0.0,0.0,127589.0,4.0
441,0.0,0.0,1.0,0.0,0.0,0.0,1.0,0.0,0.0,90446.0,4.0
442,0.0,0.0,1.0,0.0,1.0,0.0,0.0,0.0,0.0,59335.0,4.0
443,0.0,0.0,0.0,1.0,0.0,1.0,0.0,0.0,0.0,71306.0,4.0
444,0.0,1.0,0.0,0.0,0.0,1.0,0.0,0.0,0.0,73286.0,4.0
445,0.0,0.0,0.0,1.0,1.0,0.0,0.0,0.0,0.0,121160.0,4.0
446,0.0,0.0,1.0,0.0,0.0,0.0,0.0,0.0,1.0,63355.0,4.0
447,0.0,0.0,0.0,1.0,0.0,1.0,0.0,0.0,0.0,98619.0,4.0
448,0.0,0.0,0.0,1.0,0.0,1.0,0.0,0.0,0.0,200597.0,4.0
449,0.0,1.0,0.0,0.0,0.0,0.0,0.0,0.0,1.0,146703.0,4.0
450,0.0,1.0,0.0,0.0,0.0,1.0,0.0,0.0,0.0,133117.0,4.0
451,1.0,0.0,0.0,0.0,1.0,0.0,0.0,0.0,0.0,192316.0,5.0
452,0.0,1.0,0.0,0.0,0.0,1.0,0.0,0.0,0.0,127157.0,4.0
453,0.0,0.0,0.0,1.0,0.0,1.0,0.0,0.0,0.0,157782.0,4.0
454,0.0,1.0,0.0,0.0,0.0,0.0,0.0,0.0,1.0,193179.0,4.0
455,0.0,1.0,0.0,0.0,0.0,0.0,0.0,0.0,1.0,134949.0,4.0
456,0.0,0.0,0.0,1.0,0.0,0.0,0.0,0.0,1.0,216257.0,4.0
457,0.0,1.0,0.0,0.0,0.0,0.0,0.0,1.0,0.0,111727.0,4.0
458,0.0,0.0,0.0,1.0,0.0,0.0,0.0,1.0,0.0,86480.0,4.0
459,0.0,0.0,0.0,1.0,0.0,1.0,0.0,0.0,0.0,73360.0,4.0
460,0.0,1.0,0.0,0.0,0.0,0.0,0.0,0.0,1.0,164703.0,4.0
461,1.0,0.0,0.0,0.0,0.0,0.0,0.0,0.0,1.0,143651.0,5.0
462,0.0,0.0,0.0,1.0,1.0,0.0,0.0,0.0,0.0,58773.0,4.0
463,0.0,0.0,0.0,1.0,0.0,0.0,0.0,0.0,1.0,72118.0,4.0
464,0.0,1.0,0.0,0.0,0.0,0.0,0.0,0.0,1.0,14700.0,4.0
465,0.0,0.0,0.0,1.0,0.0,0.0,0.0,0.0,1.0,117637.0,4.0
466,0.0,0.0,1.0,0.0,0.0,0.0,0.0,0.0,1.0,129820.0,4.0
467,0.0,1.0,0.0,0.0,0.0,0.0,0.0,0.0,1.0,18246.0,4.0
468,0.0,0.0,0.0,1.0,0.0,0.0,0.0,0.0,1.0,141071.0,4.0
469,0.0,1.0,0.0,0.0,0.0,0.0,0.0,0.0,1.0,92883.0,4.0
470,0.0,0.0,0.0,1.0,0.0,0.0,1.0,0.0,0.0,119394.0,4.0
471,0.0,0.0,1.0,0.0,1.0,0.0,0.0,0.0,0.0,178899.0,4.0
472,0.0,0.0,0.0,1.0,0.0,0.0,0.0,0.0,1.0,172018.0,4.0
473,0.0,0.0,0.0,1.0,0.0,1.0,0.0,0.0,0.0,98971.0,4.0
474,0.0,0.0,1.0,0.0,0.0,1.0,0.0,0.0,0.0,215026.0,4.0
475,0.0,1.0,0.0,0.0,0.0,0.0,0.0,1.0,0.0,33261.0,4.0
476,0.0,0.0,0.0,1.0,0.0,0.0,0.0,0.0,1.0,185742.0,4.0
477,0.0,0.0,0.0,1.0,0.0,1.0,0.0,0.0,0.0,119311.0,4.0
478,0.0,0.0,1.0,0.0,0.0,1.0,0.0,0.0,0.0,153781.0,4.0
479,0.0,0.0,1.0,0.0,0.0,0.0,0.0,0.0,1.0,246825.0,3.0
480,0.0,0.0,0.0,1.0,1.0,0.0,0.0,0.0,0.0,225991.0,4.0
481,0.0,0.0,0.0,1.0,0.0,0.0,0.0,1.0,0.0,159925.0,4.0
482,0.0,0.0,1.0,0.0,0.0,0.0,0.0,0.0,1.0,51004.0,4.0
483,0.0,0.0,0.0,1.0,0.0,0.0,0.0,0.0,1.0,216076.0,4.0
484,0.0,0.0,0.0,1.0,0.0,0.0,0.0,0.0,1.0,231683.0,4.0
485,0.0,0.0,0.0,1.0,0.0,1.0,0.0,0.0,0.0,135237.0,4.0
486,0.0,0.0,1.0,0.0,0.0,0.0,0.0,0.0,1.0,193389.0,4.0
487,0.0,0.0,0.0,1.0,0.0,0.0,0.0,0.0,1.0,143104.0,4.0
488,1.0,0.0,0.0,0.0,0.0,0.0,0.0,0.0,1.0,146911.0,3.0
489,0.0,0.0,0.0,1.0,0.0,0.0,0.0,0.0,1.0,199985.0,4.0
490,0.0,1.0,0.0,0.0,0.0,0.0,0.0,0.0,1.0,74501.0,4.0
491,0.0,0.0,0.0,1.0,0.0,0.0,0.0,0.0,1.0,114202.0,4.0
492,0.0,0.0,0.0,1.0,0.0,0.0,0.0,0.0,1.0,66150.0,4.0
493,0.0,1.0,0.0,0.0,0.0,1.0,0.0,0.0,0.0,42420.0,4.0
494,0.0,0.0,1.0,0.0,0.0,1.0,0.0,0.0,0.0,111256.0,4.0
495,1.0,0.0,0.0,0.0,1.0,0.0,0.0,0.0,0.0,181572.0,5.0
496,0.0,0.0,1.0,0.0,0.0,0.0,0.0,0.0,1.0,186752.0,4.0
497,0.0,0.0,1.0,0.0,0.0,0.0,0.0,1.0,0.0,209976.0,4.0
498,0.0,1.0,0.0,0.0,0.0,0.0,1.0,0.0,0.0,81764.0,4.0
499,0.0,0.0,1.0,0.0,0.0,0.0,0.0,0.0,1.0,82429.0,4.0
500,0.0,1.0,0.0,0.0,1.0,0.0,0.0,0.0,0.0,221461.0,4.0
501,0.0,1.0,0.0,0.0,0.0,0.0,0.0,0.0,1.0,47712.0,4.0
502,0.0,1.0,0.0,0.0,0.0,1.0,0.0,0.0,0.0,166897.0,4.0
503,0.0,0.0,0.0,1.0,0.0,1.0,0.0,0.0,0.0,35181.0,4.0
504,0.0,0.0,0.0,1.0,1.0,0.0,0.0,0.0,0.0,222813.0,4.0
505,0.0,0.0,0.0,1.0,0.0,0.0,0.0,0.0,1.0,107410.0,4.0
506,0.0,0.0,0.0,1.0,0.0,1.0,0.0,0.0,0.0,14645.0,4.0
507,0.0,0.0,0.0,1.0,0.0,1.0,0.0,0.0,0.0,67120.0,4.0
508,0.0,0.0,1.0,0.0,0.0,0.0,0.0,1.0,0.0,162535.0,4.0
509,0.0,0.0,1.0,0.0,0.0,0.0,0.0,0.0,1.0,26634.0,4.0
510,0.0,0.0,0.0,1.0,0.0,0.0,1.0,0.0,0.0,118706.0,4.0
511,1.0,0.0,0.0,0.0,0.0,0.0,1.0,0.0,0.0,209340.0,5.0
512,0.0,0.0,1.0,0.0,0.0,1.0,0.0,0.0,0.0,38233.0,4.0
513,0.0,0.0,0.0,1.0,0.0,1.0,0.0,0.0,0.0,192543.0,4.0
514,0.0,0.0,1.0,0.0,0.0,0.0,0.0,0.0,1.0,152215.0,4.0
515,0.0,1.0,0.0,0.0,0.0,1.0,0.0,0.0,0.0,30120.0,4.0
516,0.0,0.0,0.0,1.0,0.0,0.0,0.0,1.0,0.0,68125.0,4.0
517,0.0,0.0,0.0,1.0,0.0,1.0,0.0,0.0,0.0,207048.0,4.0
518,0.0,1.0,0.0,0.0,0.0,0.0,0.0,0.0,1.0,126854.0,4.0
519,0.0,1.0,0.0,0.0,0.0,0.0,0.0,1.0,0.0,236800.0,4.0
520,0.0,0.0,1.0,0.0,0.0,1.0,0.0,0.0,0.0,180739.0,4.0
521,0.0,0.0,1.0,0.0,0.0,0.0,0.0,1.0,0.0,196130.0,3.0
522,0.0,1.0,0.0,0.0,0.0,0.0,1.0,0.0,0.0,164493.0,4.0
523,0.0,1.0,0.0,0.0,0.0,1.0,0.0,0.0,0.0,207344.0,4.0
524,0.0,0.0,1.0,0.0,0.0,0.0,0.0,0.0,1.0,228090.0,4.0
525,0.0,0.0,0.0,1.0,0.0,1.0,0.0,0.0,0.0,180156.0,4.0
526,0.0,0.0,0.0,1.0,0.0,0.0,0.0,0.0,1.0,110362.0,4.0
527,0.0,1.0,0.0,0.0,0.0,0.0,0.0,0.0,1.0,235294.0,4.0
528,0.0,1.0,0.0,0.0,0.0,0.0,0.0,0.0,1.0,43148.0,4.0
529,1.0,0.0,0.0,0.0,0.0,1.0,0.0,0.0,0.0,69358.0,5.0
530,0.0,0.0,0.0,1.0,0.0,0.0,0.0,0.0,1.0,124057.0,4.0
531,0.0,0.0,0.0,1.0,0.0,1.0,0.0,0.0,0.0,126078.0,4.0
532,0.0,0.0,1.0,0.0,0.0,1.0,0.0,0.0,0.0,224410.0,4.0
533,0.0,0.0,0.0,1.0,0.0,0.0,1.0,0.0,0.0,221725.0,4.0
534,0.0,1.0,0.0,0.0,0.0,1.0,0.0,0.0,0.0,35292.0,4.0
535,0.0,0.0,0.0,1.0,0.0,0.0,0.0,0.0,1.0,35673.0,4.0
536,0.0,1.0,0.0,0.0,0.0,0.0,0.0,0.0,1.0,205597.0,4.0
537,0.0,1.0,0.0,0.0,0.0,1.0,0.0,0.0,0.0,76579.0,4.0
538,0.0,0.0,1.0,0.0,0.0,0.0,0.0,0.0,1.0,137477.0,4.0
539,0.0,1.0,0.0,0.0,0.0,0.0,0.0,0.0,1.0,120283.0,4.0
540,0.0,1.0,0.0,0.0,1.0,0.0,0.0,0.0,0.0,51328.0,4.0
541,0.0,0.0,0.0,1.0,1.0,0.0,0.0,0.0,0.0,218253.0,4.0
542,0.0,0.0,0.0,1.0,0.0,1.0,0.0,0.0,0.0,39311.0,4.0
543,0.0,0.0,0.0,1.0,0.0,0.0,0.0,0.0,1.0,210193.0,4.0
544,0.0,1.0,0.0,0.0,1.0,0.0,0.0,0.0,0.0,27788.0,4.0
545,0.0,1.0,0.0,0.0,0.0,0.0,0.0,0.0,1.0,175309.0,4.0
546,0.0,1.0,0.0,0.0,1.0,0.0,0.0,0.0,0.0,111097.0,4.0
547,0.0,1.0,0.0,0.0,0.0,0.0,0.0,1.0,0.0,16079.0,4.0
548,0.0,0.0,0.0,1.0,0.0,1.0,0.0,0.0,0.0,89641.0,4.0
549,1.0,0.0,0.0,0.0,0.0,1.0,0.0,0.0,0.0,72663.0,5.0
550,0.0,0.0,0.0,1.0,0.0,0.0,0.0,1.0,0.0,86284.0,4.0
551,0.0,1.0,0.0,0.0,0.0,0.0,0.0,0.0,1.0,95481.0,4.0
552,0.0,1.0,0.0,0.0,0.0,0.0,0.0,0.0,1.0,214405.0,4.0
553,0.0,1.0,0.0,0.0,0.0,0.0,0.0,0.0,1.0,52563.0,4.0
554,0.0,1.0,0.0,0.0,0.0,0.0,0.0,0.0,1.0,113704.0,4.0
555,0.0,1.0,0.0,0.0,0.0,1.0,0.0,0.0,0.0,73869.0,4.0
556,0.0,1.0,0.0,0.0,0.0,0.0,0.0,0.0,1.0,95579.0,4.0
557,0.0,1.0,0.0,0.0,1.0,0.0,0.0,0.0,0.0,45152.0,4.0
558,0.0,1.0,0.0,0.0,0.0,0.0,1.0,0.0,0.0,194035.0,4.0
559,0.0,0.0,0.0,1.0,0.0,1.0,0.0,0.0,0.0,220679.0,4.0
560,0.0,1.0,0.0,0.0,0.0,1.0,0.0,0.0,0.0,102032.0,4.0
561,0.0,0.0,0.0,1.0,0.0,0.0,1.0,0.0,0.0,58938.0,4.0
562,0.0,0.0,0.0,1.0,0.0,0.0,0.0,0.0,1.0,148952.0,4.0
563,0.0,0.0,0.0,1.0,0.0,1.0,0.0,0.0,0.0,193276.0,4.0
564,0.0,0.0,1.0,0.0,0.0,1.0,0.0,0.0,0.0,189182.0,3.0
565,0.0,0.0,0.0,1.0,0.0,0.0,0.0,0.0,1.0,197393.0,4.0
566,0.0,1.0,0.0,0.0,0.0,0.0,0.0,0.0,1.0,42844.0,4.0
567,0.0,0.0,0.0,1.0,0.0,0.0,0.0,0.0,1.0,122266.0,4.0
568,0.0,0.0,0.0,1.0,0.0,0.0,0.0,1.0,0.0,240017.0,4.0
569,0.0,0.0,0.0,1.0,0.0,0.0,1.0,0.0,0.0,88598.0,4.0
570,0.0,0.0,0.0,1.0,0.0,1.0,0.0,0.0,0.0,216563.0,4.0
571,0.0,1.0,0.0,0.0,1.0,0.0,0.0,0.0,0.0,123924.0,4.0
572,0.0,0.0,0.0,1.0,0.0,0.0,0.0,0.0,1.0,185455.0,4.0
573,0.0,0.0,1.0,0.0,0.0,0.0,1.0,0.0,0.0,163080.0,4.0
574,0.0,0.0,0.0,1.0,0.0,0.0,0.0,0.0,1.0,53531.0,4.0
575,0.0,1.0,0.0,0.0,0.0,1.0,0.0,0.0,0.0,142403.0,4.0
576,0.0,0.0,1.0,0.0,0.0,0.0,0.0,0.0,1.0,127386.0,4.0
577,0.0,0.0,0.0,1.0,0.0,0.0,0.0,0.0,1.0,142633.0,4.0
578,0.0,0.0,0.0,1.0,0.0,1.0,0.0,0.0,0.0,215955.0,4.0
579,0.0,0.0,1.0,0.0,0.0,1.0,0.0,0.0,0.0,46842.0,4.0
580,0.0,0.0,1.0,0.0,0.0,0.0,0.0,1.0,0.0,86217.0,4.0
581,0.0,1.0,0.0,0.0,1.0,0.0,0.0,0.0,0.0,222786.0,4.0
582,0.0,1.0,0.0,0.0,0.0,0.0,0.0,0.0,1.0,130494.0,4.0
583,0.0,0.0,0.0,1.0,0.0,0.0,0.0,0.0,1.0,181016.0,4.0
584,1.0,0.0,0.0,0.0,0.0,0.0,0.0,0.0,1.0,96224.0,5.0
585,0.0,1.0,0.0,0.0,0.0,1.0,0.0,0.0,0.0,176566.0,4.0
586,0.0,0.0,0.0,1.0,0.0,1.0,0.0,0.0,0.0,171373.0,4.0
587,0.0,0.0,0.0,1.0,0.0,0.0,1.0,0.0,0.0,241507.0,4.0
588,0.0,1.0,0.0,0.0,0.0,0.0,0.0,1.0,0.0,86427.0,4.0
589,0.0,0.0,0.0,1.0,0.0,0.0,0.0,0.0,1.0,210863.0,4.0
590,0.0,0.0,0.0,1.0,0.0,0.0,0.0,0.0,1.0,216647.0,4.0
591,1.0,0.0,0.0,0.0,0.0,1.0,0.0,0.0,0.0,35837.0,3.0
592,0.0,1.0,0.0,0.0,0.0,1.0,0.0,0.0,0.0,166595.0,4.0
593,0.0,1.0,0.0,0.0,0.0,1.0,0.0,0.0,0.0,68223.0,4.0
594,0.0,1.0,0.0,0.0,0.0,1.0,0.0,0.0,0.0,223005.0,4.0
595,0.0,1.0,0.0,0.0,1.0,0.0,0.0,0.0,0.0,61120.0,4.0
596,0.0,1.0,0.0,0.0,0.0,1.0,0.0,0.0,0.0,83357.0,4.0
597,0.0,0.0,1.0,0.0,0.0,0.0,0.0,0.0,1.0,20315.0,4.0
598,0.0,0.0,0.0,1.0,0.0,1.0,0.0,0.0,0.0,152042.0,4.0
599,0.0,1.0,0.0,0.0,1.0,0.0,0.0,0.0,0.0,213154.0,4.0
600,0.0,0.0,1.0,0.0,0.0,0.0,0.0,0.0,1.0,24741.0,4.0
601,0.0,0.0,0.0,1.0,0.0,1.0,0.0,0.0,0.0,247601.0,4.0
602,0.0,1.0,0.0,0.0,0.0,1.0,0.0,0.0,0.0,40912.0,4.0
603,0.0,0.0,1.0,0.0,1.0,0.0,0.0,0.0,0.0,218697.0,4.0
604,0.0,0.0,0.0,1.0,0.0,0.0,0.0,0.0,1.0,26655.0,4.0
605,0.0,1.0,0.0,0.0,0.0,0.0,0.0,0.0,1.0,42137.0,4.0
606,0.0,0.0,0.0,1.0,1.0,0.0,0.0,0.0,0.0,71463.0,4.0
607,0.0,0.0,0.0,1.0,0.0,1.0,0.0,0.0,0.0,149270.0,4.0
608,0.0,1.0,0.0,0.0,0.0,1.0,0.0,0.0,0.0,66613.0,4.0
609,0.0,0.0,0.0,1.0,0.0,0.0,0.0,0.0,1.0,48674.0,4.0
610,0.0,1.0,0.0,0.0,0.0,0.0,0.0,0.0,1.0,123898.0,4.0
611,0.0,0.0,0.0,1.0,1.0,0.0,0.0,0.0,0.0,136271.0,4.0
612,0.0,1.0,0.0,0.0,1.0,0.0,0.0,0.0,0.0,119033.0,4.0
613,0.0,1.0,0.0,0.0,0.0,1.0,0.0,0.0,0.0,50475.0,4.0
614,0.0,1.0,0.0,0.0,0.0,0.0,0.0,0.0,1.0,42379.0,4.0
615,0.0,1.0,0.0,0.0,1.0,0.0,0.0,0.0,0.0,147889.0,4.0
616,0.0,0.0,1.0,0.0,0.0,0.0,1.0,0.0,0.0,76610.0,3.0
617,0.0,0.0,1.0,0.0,0.0,1.0,0.0,0.0,0.0,249860.0,4.0
618,0.0,1.0,0.0,0.0,0.0,0.0,0.0,1.0,0.0,113538.0,4.0
619,0.0,1.0,0.0,0.0,0.0,0.0,0.0,0.0,1.0,152212.0,4.0
620,1.0,0.0,0.0,0.0,0.0,0.0,0.0,0.0,1.0,26531.0,5.0
621,0.0,0.0,0.0,1.0,0.0,0.0,0.0,0.0,1.0,137628.0,4.0
622,0.0,0.0,0.0,1.0,0.0,1.0,0.0,0.0,0.0,33461.0,4.0
623,0.0,1.0,0.0,0.0,0.0,0.0,0.0,0.0,1.0,178134.0,4.0
624,0.0,0.0,0.0,1.0,0.0,0.0,0.0,0.0,1.0,74919.0,4.0
625,0.0,1.0,0.0,0.0,0.0,0.0,1.0,0.0,0.0,165101.0,4.0
626,0.0,0.0,1.0,0.0,0.0,0.0,0.0,0.0,1.0,235952.0,4.0
627,0.0,0.0,1.0,0.0,1.0,0.0,0.0,0.0,0.0,77474.0,4.0
628,0.0,1.0,0.0,0.0,0.0,0.0,0.0,0.0,1.0,121416.0,4.0
629,0.0,1.0,0.0,0.0,0.0,1.0,0.0,0.0,0.0,196507.0,4.0
630,0.0,0.0,0.0,1.0,0.0,1.0,0.0,0.0,0.0,95993.0,4.0
631,0.0,0.0,1.0,0.0,0.0,0.0,1.0,0.0,0.0,87701.0,4.0
632,1.0,0.0,0.0,0.0,0.0,0.0,0.0,0.0,1.0,192673.0,5.0
633,0.0,0.0,1.0,0.0,0.0,0.0,0.0,0.0,1.0,205155.0,3.0
634,1.0,0.0,0.0,0.0,0.0,0.0,0.0,0.0,1.0,242935.0,3.0
635,0.0,1.0,0.0,0.0,0.0,0.0,0.0,1.0,0.0,101835.0,4.0
636,0.0,0.0,0.0,1.0,1.0,0.0,0.0,0.0,0.0,26798.0,4.0
637,0.0,0.0,0.0,1.0,0.0,0.0,0.0,1.0,0.0,88571.0,4.0
638,0.0,0.0,0.0,1.0,0.0,0.0,0.0,1.0,0.0,49807.0,4.0
639,0.0,0.0,1.0,0.0,0.0,0.0,0.0,0.0,1.0,71103.0,4.0
640,0.0,1.0,0.0,0.0,0.0,0.0,0.0,0.0,1.0,237209.0,4.0
641,0.0,0.0,0.0,1.0,0.0,0.0,1.0,0.0,0.0,37703.0,4.0
642,0.0,0.0,0.0,1.0,0.0,0.0,0.0,0.0,1.0,26191.0,4.0
643,0.0,0.0,0.0,1.0,0.0,1.0,0.0,0.0,0.0,213344.0,4.0
644,0.0,1.0,0.0,0.0,0.0,1.0,0.0,0.0,0.0,28561.0,4.0
645,0.0,0.0,0.0,1.0,0.0,1.0,0.0,0.0,0.0,155018.0,4.0
646,0.0,1.0,0.0,0.0,0.0,1.0,0.0,0.0,0.0,120448.0,4.0
647,0.0,0.0,1.0,0.0,0.0,0.0,0.0,0.0,1.0,19265.0,4.0
648,0.0,1.0,0.0,0.0,0.0,0.0,0.0,0.0,1.0,40134.0,4.0
649,0.0,0.0,0.0,1.0,1.0,0.0,0.0,0.0,0.0,86696.0,4.0
650,0.0,0.0,0.0,1.0,0.0,1.0,0.0,0.0,0.0,23637.0,4.0
651,0.0,0.0,1.0,0.0,0.0,0.0,0.0,1.0,0.0,166895.0,4.0
652,0.0,0.0,1.0,0.0,0.0,0.0,0.0,0.0,1.0,19482.0,3.0
653,1.0,0.0,0.0,0.0,0.0,1.0,0.0,0.0,0.0,40774.0,5.0
654,0.0,0.0,0.0,1.0,0.0,0.0,0.0,0.0,1.0,202435.0,4.0
655,0.0,0.0,0.0,1.0,0.0,0.0,0.0,0.0,1.0,72725.0,4.0
656,0.0,0.0,0.0,1.0,0.0,1.0,0.0,0.0,0.0,63501.0,4.0
657,0.0,0.0,0.0,1.0,1.0,0.0,0.0,0.0,0.0,228063.0,4.0
658,0.0,0.0,1.0,0.0,0.0,0.0,0.0,1.0,0.0,143204.0,3.0
659,0.0,0.0,0.0,1.0,0.0,0.0,1.0,0.0,0.0,213077.0,4.0
660,1.0,0.0,0.0,0.0,0.0,1.0,0.0,0.0,0.0,209466.0,5.0
661,1.0,0.0,0.0,0.0,0.0,0.0,0.0,0.0,1.0,33320.0,3.0
662,0.0,1.0,0.0,0.0,0.0,0.0,0.0,0.0,1.0,236432.0,4.0
663,0.0,1.0,0.0,0.0,0.0,1.0,0.0,0.0,0.0,41846.0,4.0
664,1.0,0.0,0.0,0.0,0.0,0.0,0.0,1.0,0.0,38775.0,5.0
665,0.0,0.0,0.0,1.0,0.0,1.0,0.0,0.0,0.0,226217.0,4.0
666,0.0,1.0,0.0,0.0,0.0,0.0,0.0,0.0,1.0,211154.0,4.0
667,0.0,0.0,0.0,1.0,0.0,0.0,0.0,0.0,1.0,248416.0,4.0
668,0.0,0.0,1.0,0.0,0.0,0.0,0.0,1.0,0.0,200403.0,4.0
669,0.0,0.0,1.0,0.0,0.0,0.0,1.0,0.0,0.0,233054.0,4.0
670,0.0,0.0,0.0,1.0,0.0,0.0,0.0,0.0,1.0,138294.0,4.0
671,0.0,0.0,0.0,1.0,0.0,1.0,0.0,0.0,0.0,84787.0,4.0
672,0.0,0.0,0.0,1.0,0.0,0.0,0.0,0.0,1.0,176172.0,4.0
673,0.0,0.0,1.0,0.0,1.0,0.0,0.0,0.0,0.0,170777.0,4.0
674,1.0,0.0,0.0,0.0,0.0,0.0,0.0,0.0,1.0,235774.0,5.0
675,0.0,1.0,0.0,0.0,0.0,1.0,0.0,0.0,0.0,161140.0,4.0
676,0.0,0.0,0.0,1.0,0.0,1.0,0.0,0.0,0.0,189781.0,4.0
677,0.0,1.0,0.0,0.0,0.0,0.0,0.0,0.0,1.0,117907.0,4.0
678,0.0,0.0,0.0,1.0,0.0,0.0,1.0,0.0,0.0,213861.0,4.0
679,0.0,0.0,0.0,1.0,0.0,0.0,0.0,1.0,0.0,248634.0,4.0
680,0.0,1.0,0.0,0.0,1.0,0.0,0.0,0.0,0.0,38327.0,4.0
681,0.0,1.0,0.0,0.0,0.0,0.0,0.0,0.0,1.0,225600.0,4.0
682,1.0,0.0,0.0,0.0,1.0,0.0,0.0,0.0,0.0,54141.0,5.0
683,0.0,1.0,0.0,0.0,0.0,1.0,0.0,0.0,0.0,163297.0,4.0
684,0.0,1.0,0.0,0.0,0.0,0.0,0.0,0.0,1.0,24180.0,4.0
685,0.0,0.0,0.0,1.0,1.0,0.0,0.0,0.0,0.0,98409.0,4.0
686,0.0,0.0,0.0,1.0,0.0,0.0,0.0,0.0,1.0,228619.0,4.0
687,0.0,1.0,0.0,0.0,1.0,0.0,0.0,0.0,0.0,232910.0,4.0
688,0.0,0.0,1.0,0.0,0.0,1.0,0.0,0.0,0.0,28390.0,3.0
689,0.0,0.0,1.0,0.0,0.0,0.0,0.0,0.0,1.0,152006.0,3.0
690,0.0,0.0,1.0,0.0,0.0,0.0,1.0,0.0,0.0,107112.0,3.0
691,0.0,1.0,0.0,0.0,1.0,0.0,0.0,0.0,0.0,189001.0,4.0
692,0.0,0.0,1.0,0.0,0.0,0.0,0.0,0.0,1.0,48730.0,4.0
693,0.0,0.0,1.0,0.0,0.0,0.0,0.0,0.0,1.0,192747.0,4.0
694,0.0,0.0,0.0,1.0,0.0,1.0,0.0,0.0,0.0,177356.0,4.0
695,0.0,0.0,0.0,1.0,0.0,0.0,0.0,0.0,1.0,146824.0,4.0
696,0.0,1.0,0.0,0.0,0.0,0.0,0.0,0.0,1.0,64574.0,4.0
697,0.0,0.0,0.0,1.0,0.0,0.0,0.0,0.0,1.0,244404.0,4.0
698,0.0,0.0,1.0,0.0,0.0,0.0,0.0,0.0,1.0,66199.0,4.0
699,0.0,0.0,0.0,1.0,0.0,1.0,0.0,0.0,0.0,199315.0,4.0
700,0.0,1.0,0.0,0.0,0.0,1.0,0.0,0.0,0.0,203447.0,4.0
701,0.0,1.0,0.0,0.0,0.0,1.0,0.0,0.0,0.0,158301.0,4.0
702,0.0,1.0,0.0,0.0,0.0,0.0,0.0,0.0,1.0,82518.0,4.0
703,0.0,1.0,0.0,0.0,0.0,1.0,0.0,0.0,0.0,224900.0,4.0
704,0.0,1.0,0.0,0.0,0.0,0.0,0.0,0.0,1.0,56523.0,4.0
705,0.0,0.0,0.0,1.0,0.0,0.0,0.0,1.0,0.0,98854.0,4.0
706,0.0,1.0,0.0,0.0,1.0,0.0,0.0,0.0,0.0,151414.0,4.0
707,0.0,0.0,1.0,0.0,0.0,0.0,0.0,0.0,1.0,222917.0,4.0
708,0.0,1.0,0.0,0.0,0.0,1.0,0.0,0.0,0.0,67875.0,4.0
709,1.0,0.0,0.0,0.0,0.0,1.0,0.0,0.0,0.0,134103.0,5.0
710,0.0,0.0,1.0,0.0,0.0,0.0,0.0,0.0,1.0,177272.0,4.0
711,0.0,1.0,0.0,0.0,1.0,0.0,0.0,0.0,0.0,88002.0,4.0
712,0.0,0.0,0.0,1.0,1.0,0.0,0.0,0.0,0.0,112622.0,4.0
713,0.0,0.0,0.0,1.0,0.0,0.0,0.0,1.0,0.0,185940.0,4.0
714,0.0,1.0,0.0,0.0,0.0,0.0,0.0,1.0,0.0,172705.0,4.0
715,0.0,0.0,0.0,1.0,0.0,0.0,0.0,0.0,1.0,105837.0,4.0
716,0.0,0.0,0.0,1.0,0.0,0.0,0.0,0.0,1.0,124205.0,4.0
717,0.0,0.0,1.0,0.0,0.0,0.0,0.0,0.0,1.0,87997.0,4.0
718,0.0,1.0,0.0,0.0,0.0,0.0,0.0,0.0,1.0,148238.0,4.0
719,0.0,0.0,0.0,1.0,0.0,0.0,0.0,0.0,1.0,10217.0,4.0
720,1.0,0.0,0.0,0.0,0.0,0.0,0.0,0.0,1.0,57905.0,3.0
721,0.0,1.0,0.0,0.0,0.0,0.0,0.0,0.0,1.0,70154.0,4.0
722,1.0,0.0,0.0,0.0,0.0,1.0,0.0,0.0,0.0,165375.0,5.0
723,0.0,0.0,0.0,1.0,0.0,0.0,0.0,0.0,1.0,223727.0,4.0
724,0.0,0.0,0.0,1.0,0.0,0.0,0.0,0.0,1.0,81656.0,4.0
725,0.0,0.0,0.0,1.0,0.0,0.0,0.0,1.0,0.0,189278.0,4.0
726,1.0,0.0,0.0,0.0,0.0,0.0,0.0,0.0,1.0,227845.0,5.0
727,0.0,1.0,0.0,0.0,0.0,0.0,0.0,0.0,1.0,13116.0,4.0
728,0.0,0.0,0.0,1.0,0.0,0.0,0.0,0.0,1.0,69222.0,4.0
729,0.0,1.0,0.0,0.0,0.0,1.0,0.0,0.0,0.0,197664.0,4.0
730,0.0,0.0,0.0,1.0,1.0,0.0,0.0,0.0,0.0,146848.0,4.0
731,0.0,1.0,0.0,0.0,0.0,1.0,0.0,0.0,0.0,76252.0,4.0
732,0.0,1.0,0.0,0.0,0.0,0.0,0.0,0.0,1.0,121791.0,4.0
733,0.0,1.0,0.0,0.0,0.0,1.0,0.0,0.0,0.0,77978.0,4.0
734,0.0,0.0,0.0,1.0,0.0,0.0,0.0,0.0,1.0,235792.0,4.0
735,0.0,0.0,0.0,1.0,1.0,0.0,0.0,0.0,0.0,197498.0,4.0
736,0.0,0.0,0.0,1.0,0.0,0.0,0.0,0.0,1.0,129188.0,4.0
737,0.0,0.0,0.0,1.0,0.0,1.0,0.0,0.0,0.0,223875.0,4.0
738,0.0,0.0,1.0,0.0,0.0,1.0,0.0,0.0,0.0,96785.0,4.0
739,0.0,1.0,0.0,0.0,0.0,0.0,0.0,0.0,1.0,187380.0,4.0
740,1.0,0.0,0.0,0.0,1.0,0.0,0.0,0.0,0.0,11049.0,3.0
741,0.0,0.0,0.0,1.0,0.0,1.0,0.0,0.0,0.0,76416.0,4.0
742,1.0,0.0,0.0,0.0,0.0,0.0,0.0,0.0,1.0,228678.0,5.0
743,0.0,1.0,0.0,0.0,0.0,0.0,0.0,1.0,0.0,47404.0,4.0
744,0.0,0.0,0.0,1.0,0.0,0.0,1.0,0.0,0.0,172493.0,4.0
745,0.0,1.0,0.0,0.0,0.0,0.0,0.0,0.0,1.0,11119.0,4.0
746,1.0,0.0,0.0,0.0,1.0,0.0,0.0,0.0,0.0,201190.0,3.0
747,0.0,0.0,0.0,1.0,0.0,1.0,0.0,0.0,0.0,192890.0,4.0
748,0.0,0.0,0.0,1.0,1.0,0.0,0.0,0.0,0.0,72287.0,4.0
749,0.0,0.0,0.0,1.0,1.0,0.0,0.0,0.0,0.0,115739.0,4.0
750,0.0,1.0,0.0,0.0,0.0,0.0,1.0,0.0,0.0,208651.0,4.0
751,0.0,0.0,1.0,0.0,0.0,1.0,0.0,0.0,0.0,195105.0,3.0
752,0.0,0.0,0.0,1.0,0.0,1.0,0.0,0.0,0.0,240627.0,4.0
753,1.0,0.0,0.0,0.0,0.0,1.0,0.0,0.0,0.0,37983.0,3.0
754,1.0,0.0,0.0,0.0,0.0,0.0,0.0,0.0,1.0,168854.0,5.0
755,1.0,0.0,0.0,0.0,0.0,1.0,0.0,0.0,0.0,60499.0,5.0
756,0.0,0.0,0.0,1.0,0.0,0.0,0.0,0.0,1.0,46848.0,4.0
757,0.0,0.0,1.0,0.0,0.0,1.0,0.0,0.0,0.0,233501.0,4.0
758,0.0,0.0,0.0,1.0,1.0,0.0,0.0,0.0,0.0,97042.0,4.0
759,0.0,0.0,1.0,0.0,0.0,0.0,0.0,1.0,0.0,113987.0,4.0
760,0.0,0.0,1.0,0.0,0.0,0.0,1.0,0.0,0.0,223555.0,4.0
761,0.0,0.0,1.0,0.0,0.0,1.0,0.0,0.0,0.0,63686.0,4.0
762,0.0,0.0,0.0,1.0,0.0,0.0,0.0,0.0,1.0,147230.0,4.0
763,0.0,1.0,0.0,0.0,0.0,1.0,0.0,0.0,0.0,21146.0,4.0
764,0.0,0.0,0.0,1.0,0.0,1.0,0.0,0.0,0.0,166679.0,4.0
765,0.0,1.0,0.0,0.0,0.0,0.0,0.0,1.0,0.0,108794.0,4.0
766,0.0,0.0,0.0,1.0,0.0,1.0,0.0,0.0,0.0,229110.0,4.0
767,0.0,0.0,1.0,0.0,0.0,0.0,0.0,1.0,0.0,90110.0,4.0
768,0.0,1.0,0.0,0.0,0.0,1.0,0.0,0.0,0.0,217068.0,4.0
769,0.0,1.0,0.0,0.0,1.0,0.0,0.0,0.0,0.0,133270.0,4.0
770,0.0,0.0,0.0,1.0,0.0,0.0,1.0,0.0,0.0,202862.0,4.0
771,0.0,1.0,0.0,0.0,0.0,0.0,0.0,0.0,1.0,136340.0,4.0
772,0.0,0.0,0.0,1.0,0.0,0.0,1.0,0.0,0.0,209457.0,4.0
773,0.0,0.0,0.0,1.0,1.0,0.0,0.0,0.0,0.0,224986.0,4.0
774,0.0,0.0,0.0,1.0,0.0,0.0,1.0,0.0,0.0,201964.0,4.0
775,0.0,1.0,0.0,0.0,0.0,1.0,0.0,0.0,0.0,63800.0,4.0
776,0.0,0.0,0.0,1.0,0.0,1.0,0.0,0.0,0.0,61337.0,4.0
777,0.0,1.0,0.0,0.0,0.0,1.0,0.0,0.0,0.0,190532.0,4.0
778,0.0,0.0,0.0,1.0,0.0,0.0,0.0,0.0,1.0,161870.0,4.0
779,1.0,0.0,0.0,0.0,0.0,1.0,0.0,0.0,0.0,212644.0,5.0
780,0.0,0.0,0.0,1.0,0.0,0.0,0.0,0.0,1.0,30334.0,4.0
781,0.0,1.0,0.0,0.0,1.0,0.0,0.0,0.0,0.0,158337.0,4.0
782,0.0,0.0,1.0,0.0,0.0,0.0,0.0,0.0,1.0,219137.0,4.0
783,0.0,0.0,0.0,1.0,1.0,0.0,0.0,0.0,0.0,140913.0,4.0
784,0.0,1.0,0.0,0.0,0.0,1.0,0.0,0.0,0.0,195239.0,4.0
785,0.0,1.0,0.0,0.0,0.0,0.0,0.0,0.0,1.0,178351.0,4.0
786,1.0,0.0,0.0,0.0,0.0,0.0,1.0,0.0,0.0,152243.0,5.0
787,0.0,0.0,0.0,1.0,0.0,0.0,0.0,0.0,1.0,245977.0,4.0
788,0.0,0.0,0.0,1.0,0.0,0.0,0.0,0.0,1.0,32748.0,4.0
789,0.0,0.0,0.0,1.0,0.0,0.0,1.0,0.0,0.0,60344.0,4.0
790,0.0,1.0,0.0,0.0,0.0,1.0,0.0,0.0,0.0,244434.0,4.0
791,0.0,0.0,1.0,0.0,0.0,0.0,0.0,0.0,1.0,198923.0,4.0
792,0.0,0.0,0.0,1.0,0.0,0.0,0.0,0.0,1.0,128294.0,4.0
793,1.0,0.0,0.0,0.0,0.0,1.0,0.0,0.0,0.0,179255.0,5.0
794,0.0,0.0,0.0,1.0,0.0,0.0,0.0,0.0,1.0,22257.0,4.0
795,0.0,0.0,0.0,1.0,0.0,0.0,0.0,0.0,1.0,85800.0,4.0
796,0.0,0.0,0.0,1.0,0.0,0.0,0.0,1.0,0.0,190211.0,4.0
797,0.0,0.0,0.0,1.0,0.0,1.0,0.0,0.0,0.0,103202.0,4.0
798,0.0,1.0,0.0,0.0,0.0,1.0,0.0,0.0,0.0,48777.0,4.0
799,0.0,0.0,0.0,1.0,0.0,0.0,0.0,0.0,1.0,18812.0,4.0
800,0.0,1.0,0.0,0.0,0.0,0.0,0.0,0.0,1.0,29541.0,4.0
801,0.0,1.0,0.0,0.0,0.0,0.0,0.0,1.0,0.0,123224.0,4.0
802,0.0,1.0,0.0,0.0,0.0,0.0,0.0,0.0,1.0,192655.0,4.0
803,0.0,0.0,0.0,1.0,0.0,1.0,0.0,0.0,0.0,219420.0,4.0
804,0.0,0.0,0.0,1.0,0.0,0.0,0.0,0.0,1.0,185146.0,4.0
805,0.0,0.0,0.0,1.0,0.0,0.0,0.0,1.0,0.0,77677.0,4.0
806,0.0,0.0,1.0,0.0,0.0,0.0,0.0,0.0,1.0,211504.0,4.0
807,0.0,0.0,0.0,1.0,0.0,0.0,1.0,0.0,0.0,88519.0,4.0
808,0.0,0.0,0.0,1.0,0.0,0.0,0.0,0.0,1.0,78123.0,4.0
809,0.0,0.0,0.0,1.0,0.0,0.0,0.0,0.0,1.0,201039.0,4.0
810,0.0,0.0,1.0,0.0,0.0,0.0,1.0,0.0,0.0,229929.0,4.0
811,1.0,0.0,0.0,0.0,0.0,0.0,0.0,0.0,1.0,83309.0,5.0
812,0.0,0.0,0.0,1.0,0.0,0.0,0.0,0.0,1.0,148473.0,4.0
813,0.0,0.0,0.0,1.0,0.0,0.0,0.0,0.0,1.0,10247.0,4.0
814,1.0,0.0,0.0,0.0,0.0,1.0,0.0,0.0,0.0,50363.0,5.0
815,0.0,1.0,0.0,0.0,0.0,1.0,0.0,0.0,0.0,187630.0,4.0
816,0.0,0.0,1.0,0.0,1.0,0.0,0.0,0.0,0.0,192250.0,4.0
817,0.0,0.0,0.0,1.0,0.0,0.0,0.0,0.0,1.0,95725.0,4.0
818,0.0,1.0,0.0,0.0,0.0,0.0,0.0,0.0,1.0,136279.0,4.0
819,0.0,0.0,0.0,1.0,0.0,0.0,0.0,0.0,1.0,239554.0,4.0
820,0.0,1.0,0.0,0.0,0.0,0.0,0.0,0.0,1.0,100884.0,4.0
821,0.0,0.0,1.0,0.0,0.0,0.0,0.0,1.0,0.0,124112.0,4.0
822,0.0,0.0,1.0,0.0,0.0,0.0,0.0,0.0,1.0,114699.0,4.0
823,0.0,0.0,0.0,1.0,0.0,1.0,0.0,0.0,0.0,198983.0,4.0
824,0.0,0.0,0.0,1.0,1.0,0.0,0.0,0.0,0.0,201753.0,4.0
825,0.0,0.0,1.0,0.0,0.0,0.0,0.0,0.0,1.0,195056.0,4.0
826,0.0,1.0,0.0,0.0,0.0,0.0,0.0,0.0,1.0,30080.0,4.0
827,0.0,1.0,0.0,0.0,0.0,1.0,0.0,0.0,0.0,171303.0,4.0
828,0.0,0.0,0.0,1.0,0.0,0.0,0.0,1.0,0.0,220026.0,4.0
829,0.0,1.0,0.0,0.0,0.0,0.0,0.0,0.0,1.0,154013.0,4.0
830,0.0,0.0,0.0,1.0,0.0,1.0,0.0,0.0,0.0,190406.0,4.0
831,1.0,0.0,0.0,0.0,0.0,0.0,0.0,1.0,0.0,175134.0,5.0
832,0.0,0.0,0.0,1.0,0.0,0.0,0.0,0.0,1.0,100107.0,4.0
833,1.0,0.0,0.0,0.0,0.0,0.0,1.0,0.0,0.0,117440.0,5.0
834,0.0,0.0,0.0,1.0,0.0,1.0,0.0,0.0,0.0,188036.0,4.0
835,0.0,0.0,0.0,1.0,0.0,1.0,0.0,0.0,0.0,34521.0,4.0
836,0.0,0.0,1.0,0.0,0.0,1.0,0.0,0.0,0.0,69954.0,4.0
837,1.0,0.0,0.0,0.0,0.0,0.0,0.0,1.0,0.0,149413.0,5.0
838,0.0,0.0,1.0,0.0,0.0,0.0,1.0,0.0,0.0,235589.0,4.0
839,0.0,0.0,0.0,1.0,0.0,1.0,0.0,0.0,0.0,125939.0,4.0
840,0.0,1.0,0.0,0.0,0.0,0.0,0.0,0.0,1.0,248301.0,4.0
841,0.0,1.0,0.0,0.0,0.0,1.0,0.0,0.0,0.0,248899.0,4.0
842,0.0,0.0,1.0,0.0,0.0,1.0,0.0,0.0,0.0,209485.0,4.0
843,0.0,0.0,0.0,1.0,0.0,0.0,0.0,0.0,1.0,62712.0,4.0
844,1.0,0.0,0.0,0.0,0.0,0.0,1.0,0.0,0.0,112156.0,5.0
845,0.0,0.0,0.0,1.0,0.0,0.0,1.0,0.0,0.0,243177.0,4.0
846,0.0,0.0,0.0,1.0,0.0,0.0,0.0,0.0,1.0,93593.0,4.0
847,0.0,1.0,0.0,0.0,0.0,0.0,1.0,0.0,0.0,94225.0,4.0
848,0.0,0.0,0.0,1.0,0.0,1.0,0.0,0.0,0.0,48684.0,4.0
849,0.0,0.0,0.0,1.0,0.0,0.0,0.0,1.0,0.0,107799.0,4.0
850,0.0,0.0,0.0,1.0,0.0,0.0,0.0,0.0,1.0,112103.0,4.0
851,0.0,0.0,0.0,1.0,0.0,0.0,0.0,0.0,1.0,74984.0,4.0
852,1.0,0.0,0.0,0.0,0.0,1.0,0.0,0.0,0.0,129040.0,5.0
853,0.0,0.0,1.0,0.0,0.0,0.0,0.0,0.0,1.0,166735.0,4.0
854,0.0,0.0,1.0,0.0,0.0,0.0,0.0,0.0,1.0,129883.0,4.0
855,0.0,1.0,0.0,0.0,0.0,0.0,0.0,0.0,1.0,245327.0,4.0
856,0.0,0.0,0.0,1.0,0.0,0.0,0.0,0.0,1.0,51788.0,4.0
857,1.0,0.0,0.0,0.0,0.0,1.0,0.0,0.0,0.0,31277.0,5.0
858,0.0,0.0,1.0,0.0,0.0,0.0,0.0,0.0,1.0,43191.0,4.0
859,0.0,0.0,1.0,0.0,0.0,1.0,0.0,0.0,0.0,191024.0,3.0
860,0.0,0.0,1.0,0.0,0.0,0.0,0.0,0.0,1.0,61876.0,4.0
861,1.0,0.0,0.0,0.0,0.0,0.0,0.0,0.0,1.0,69066.0,5.0
862,0.0,1.0,0.0,0.0,0.0,1.0,0.0,0.0,0.0,40635.0,4.0
863,0.0,0.0,0.0,1.0,0.0,0.0,0.0,1.0,0.0,13050.0,4.0
864,0.0,1.0,0.0,0.0,0.0,0.0,0.0,0.0,1.0,27426.0,4.0
865,0.0,0.0,0.0,1.0,0.0,0.0,1.0,0.0,0.0,110078.0,4.0
866,1.0,0.0,0.0,0.0,0.0,0.0,0.0,0.0,1.0,118286.0,5.0
867,1.0,0.0,0.0,0.0,0.0,0.0,0.0,0.0,1.0,212920.0,3.0
868,1.0,0.0,0.0,0.0,0.0,0.0,0.0,0.0,1.0,45513.0,5.0
869,0.0,1.0,0.0,0.0,1.0,0.0,0.0,0.0,0.0,231825.0,4.0
870,0.0,0.0,0.0,1.0,0.0,0.0,0.0,0.0,1.0,112968.0,4.0
871,0.0,1.0,0.0,0.0,0.0,0.0,0.0,1.0,0.0,118609.0,4.0
872,0.0,0.0,0.0,1.0,0.0,0.0,0.0,0.0,1.0,100657.0,4.0
873,0.0,0.0,0.0,1.0,0.0,0.0,0.0,1.0,0.0,210870.0,4.0
874,0.0,0.0,0.0,1.0,0.0,0.0,0.0,0.0,1.0,218519.0,4.0
875,0.0,1.0,0.0,0.0,0.0,0.0,0.0,1.0,0.0,211735.0,4.0
876,0.0,1.0,0.0,0.0,0.0,0.0,0.0,0.0,1.0,124924.0,4.0
877,0.0,0.0,0.0,1.0,0.0,0.0,0.0,0.0,1.0,14497.0,4.0
878,0.0,0.0,0.0,1.0,0.0,0.0,0.0,0.0,1.0,225284.0,4.0
879,0.0,1.0,0.0,0.0,0.0,1.0,0.0,0.0,0.0,236760.0,4.0
880,0.0,1.0,0.0,0.0,0.0,1.0,0.0,0.0,0.0,200219.0,4.0
881,0.0,0.0,0.0,1.0,1.0,0.0,0.0,0.0,0.0,27139.0,4.0
882,1.0,0.0,0.0,0.0,1.0,0.0,0.0,0.0,0.0,204746.0,5.0
883,0.0,0.0,0.0,1.0,0.0,0.0,1.0,0.0,0.0,106475.0,4.0
884,1.0,0.0,0.0,0.0,0.0,0.0,0.0,0.0,1.0,152410.0,5.0
885,0.0,0.0,0.0,1.0,0.0,0.0,0.0,0.0,1.0,63832.0,4.0
886,0.0,0.0,0.0,1.0,0.0,0.0,0.0,0.0,1.0,73869.0,4.0
887,0.0,0.0,1.0,0.0,0.0,0.0,0.0,0.0,1.0,49310.0,4.0
888,1.0,0.0,0.0,0.0,0.0,1.0,0.0,0.0,0.0,244095.0,5.0
889,0.0,0.0,0.0,1.0,0.0,1.0,0.0,0.0,0.0,229055.0,4.0
890,0.0,0.0,0.0,1.0,1.0,0.0,0.0,0.0,0.0,144944.0,4.0
891,0.0,0.0,1.0,0.0,1.0,0.0,0.0,0.0,0.0,10148.0,4.0
892,0.0,0.0,0.0,1.0,0.0,1.0,0.0,0.0,0.0,181466.0,4.0
893,0.0,0.0,0.0,1.0,0.0,0.0,0.0,0.0,1.0,248815.0,4.0
894,0.0,1.0,0.0,0.0,0.0,0.0,0.0,0.0,1.0,56534.0,4.0
895,0.0,0.0,1.0,0.0,0.0,0.0,0.0,0.0,1.0,48277.0,4.0
896,0.0,0.0,0.0,1.0,0.0,0.0,1.0,0.0,0.0,212623.0,4.0
897,0.0,0.0,0.0,1.0,0.0,0.0,0.0,0.0,1.0,28809.0,4.0
898,0.0,0.0,0.0,1.0,0.0,1.0,0.0,0.0,0.0,237448.0,4.0
899,0.0,0.0,0.0,1.0,0.0,1.0,0.0,0.0,0.0,23241.0,4.0
900,0.0,0.0,1.0,0.0,0.0,0.0,0.0,0.0,1.0,135032.0,3.0
901,0.0,0.0,1.0,0.0,0.0,0.0,0.0,0.0,1.0,213449.0,3.0
902,1.0,0.0,0.0,0.0,0.0,0.0,0.0,0.0,1.0,84327.0,5.0
903,0.0,0.0,0.0,1.0,0.0,0.0,0.0,0.0,1.0,104722.0,4.0
904,0.0,0.0,0.0,1.0,0.0,0.0,0.0,0.0,1.0,196225.0,4.0
905,0.0,1.0,0.0,0.0,0.0,1.0,0.0,0.0,0.0,39835.0,4.0
906,1.0,0.0,0.0,0.0,0.0,0.0,0.0,0.0,1.0,16274.0,5.0
907,1.0,0.0,0.0,0.0,0.0,0.0,0.0,1.0,0.0,149704.0,5.0
908,0.0,0.0,1.0,0.0,0.0,0.0,0.0,0.0,1.0,237645.0,3.0
909,1.0,0.0,0.0,0.0,0.0,0.0,0.0,0.0,1.0,232696.0,5.0
910,0.0,0.0,1.0,0.0,0.0,0.0,0.0,0.0,1.0,40598.0,4.0
911,0.0,0.0,1.0,0.0,0.0,0.0,0.0,0.0,1.0,83345.0,4.0
912,0.0,0.0,1.0,0.0,0.0,1.0,0.0,0.0,0.0,234146.0,3.0
913,0.0,0.0,1.0,0.0,1.0,0.0,0.0,0.0,0.0,239908.0,4.0
914,0.0,1.0,0.0,0.0,0.0,0.0,0.0,0.0,1.0,245239.0,4.0
915,1.0,0.0,0.0,0.0,0.0,1.0,0.0,0.0,0.0,152772.0,3.0
916,0.0,1.0,0.0,0.0,1.0,0.0,0.0,0.0,0.0,134825.0,4.0
917,0.0,0.0,0.0,1.0,0.0,0.0,0.0,0.0,1.0,66633.0,4.0
918,0.0,1.0,0.0,0.0,0.0,1.0,0.0,0.0,0.0,228279.0,4.0
919,0.0,1.0,0.0,0.0,1.0,0.0,0.0,0.0,0.0,231659.0,4.0
920,0.0,0.0,1.0,0.0,0.0,0.0,0.0,0.0,1.0,19134.0,4.0
921,0.0,0.0,0.0,1.0,0.0,1.0,0.0,0.0,0.0,149927.0,4.0
922,0.0,1.0,0.0,0.0,0.0,0.0,0.0,1.0,0.0,98523.0,4.0
923,0.0,1.0,0.0,0.0,0.0,0.0,0.0,0.0,1.0,161712.0,4.0
924,0.0,0.0,1.0,0.0,0.0,0.0,0.0,1.0,0.0,113278.0,3.0
925,0.0,0.0,0.0,1.0,0.0,0.0,1.0,0.0,0.0,65241.0,4.0
926,0.0,1.0,0.0,0.0,0.0,0.0,0.0,0.0,1.0,101311.0,4.0
927,0.0,0.0,1.0,0.0,0.0,0.0,0.0,0.0,1.0,161699.0,4.0
928,1.0,0.0,0.0,0.0,0.0,0.0,0.0,1.0,0.0,176660.0,5.0
929,0.0,1.0,0.0,0.0,0.0,0.0,0.0,0.0,1.0,31418.0,4.0
930,0.0,0.0,1.0,0.0,0.0,0.0,0.0,0.0,1.0,143520.0,4.0
931,0.0,0.0,0.0,1.0,0.0,0.0,0.0,0.0,1.0,149655.0,4.0
932,0.0,0.0,0.0,1.0,0.0,0.0,0.0,0.0,1.0,122453.0,4.0
933,0.0,0.0,0.0,1.0,0.0,0.0,0.0,0.0,1.0,21083.0,4.0
934,0.0,1.0,0.0,0.0,0.0,0.0,0.0,0.0,1.0,219635.0,4.0
935,0.0,0.0,1.0,0.0,0.0,0.0,1.0,0.0,0.0,203302.0,4.0
936,0.0,1.0,0.0,0.0,0.0,1.0,0.0,0.0,0.0,178863.0,4.0
937,0.0,0.0,0.0,1.0,0.0,0.0,0.0,1.0,0.0,148518.0,4.0
938,0.0,1.0,0.0,0.0,1.0,0.0,0.0,0.0,0.0,143649.0,4.0
939,0.0,0.0,1.0,0.0,0.0,0.0,0.0,1.0,0.0,153074.0,4.0
940,0.0,1.0,0.0,0.0,0.0,0.0,0.0,0.0,1.0,53474.0,4.0
941,0.0,0.0,0.0,1.0,0.0,0.0,0.0,1.0,0.0,166046.0,4.0
942,0.0,0.0,1.0,0.0,0.0,1.0,0.0,0.0,0.0,228192.0,4.0
943,0.0,0.0,0.0,1.0,0.0,1.0,0.0,0.0,0.0,221076.0,4.0
944,0.0,0.0,0.0,1.0,0.0,0.0,0.0,0.0,1.0,88224.0,4.0
945,1.0,0.0,0.0,0.0,0.0,0.0,0.0,1.0,0.0,156064.0,5.0
946,0.0,0.0,0.0,1.0,0.0,0.0,1.0,0.0,0.0,132714.0,4.0
947,0.0,0.0,0.0,1.0,0.0,1.0,0.0,0.0,0.0,17609.0,4.0
948,0.0,0.0,0.0,1.0,1.0,0.0,0.0,0.0,0.0,43171.0,4.0
949,0.0,0.0,1.0,0.0,0.0,1.0,0.0,0.0,0.0,57558.0,3.0
950,0.0,1.0,0.0,0.0,0.0,0.0,0.0,0.0,1.0,52414.0,4.0
951,0.0,1.0,0.0,0.0,0.0,0.0,0.0,0.0,1.0,186495.0,4.0
952,0.0,0.0,1.0,0.0,0.0,0.0,0.0,0.0,1.0,136022.0,4.0
953,1.0,0.0,0.0,0.0,0.0,0.0,0.0,0.0,1.0,102773.0,5.0
954,0.0,0.0,0.0,1.0,0.0,1.0,0.0,0.0,0.0,92777.0,4.0
955,0.0,0.0,0.0,1.0,1.0,0.0,0.0,0.0,0.0,103682.0,4.0
956,0.0,0.0,0.0,1.0,1.0,0.0,0.0,0.0,0.0,90508.0,4.0
957,0.0,0.0,1.0,0.0,0.0,0.0,0.0,1.0,0.0,39639.0,3.0
958,0.0,1.0,0.0,0.0,0.0,1.0,0.0,0.0,0.0,26824.0,4.0
959,0.0,0.0,1.0,0.0,0.0,0.0,0.0,0.0,1.0,186786.0,4.0
960,0.0,1.0,0.0,0.0,0.0,0.0,0.0,0.0,1.0,208131.0,4.0
961,0.0,0.0,0.0,1.0,0.0,0.0,0.0,0.0,1.0,239760.0,4.0
962,0.0,1.0,0.0,0.0,0.0,1.0,0.0,0.0,0.0,96308.0,4.0
963,0.0,0.0,0.0,1.0,0.0,0.0,0.0,0.0,1.0,107043.0,4.0
964,0.0,0.0,0.0,1.0,0.0,1.0,0.0,0.0,0.0,39753.0,4.0
965,0.0,1.0,0.0,0.0,0.0,1.0,0.0,0.0,0.0,168261.0,4.0
966,0.0,1.0,0.0,0.0,1.0,0.0,0.0,0.0,0.0,94941.0,4.0
967,1.0,0.0,0.0,0.0,0.0,0.0,1.0,0.0,0.0,26839.0,5.0
968,0.0,0.0,1.0,0.0,0.0,0.0,0.0,0.0,1.0,227278.0,4.0
969,1.0,0.0,0.0,0.0,0.0,1.0,0.0,0.0,0.0,45207.0,5.0
970,0.0,0.0,0.0,1.0,0.0,1.0,0.0,0.0,0.0,186309.0,4.0
971,1.0,0.0,0.0,0.0,1.0,0.0,0.0,0.0,0.0,178164.0,3.0
972,0.0,1.0,0.0,0.0,0.0,0.0,0.0,0.0,1.0,137690.0,4.0
973,0.0,1.0,0.0,0.0,0.0,0.0,1.0,0.0,0.0,237627.0,4.0
974,0.0,0.0,0.0,1.0,0.0,0.0,0.0,0.0,1.0,155383.0,4.0
975,0.0,1.0,0.0,0.0,0.0,0.0,0.0,0.0,1.0,22409.0,4.0
976,0.0,0.0,0.0,1.0,0.0,1.0,0.0,0.0,0.0,95317.0,4.0
977,0.0,0.0,0.0,1.0,0.0,1.0,0.0,0.0,0.0,128016.0,4.0
978,1.0,0.0,0.0,0.0,0.0,0.0,0.0,0.0,1.0,85739.0,5.0
979,0.0,0.0,0.0,1.0,1.0,0.0,0.0,0.0,0.0,17975.0,4.0
980,0.0,0.0,0.0,1.0,0.0,1.0,0.0,0.0,0.0,230314.0,4.0
981,0.0,0.0,0.0,1.0,0.0,0.0,0.0,0.0,1.0,129454.0,4.0
982,0.0,1.0,0.0,0.0,0.0,0.0,0.0,0.0,1.0,238172.0,4.0
983,0.0,0.0,0.0,1.0,0.0,0.0,0.0,1.0,0.0,183330.0,4.0
984,0.0,0.0,1.0,0.0,0.0,1.0,0.0,0.0,0.0,157235.0,4.0
985,0.0,1.0,0.0,0.0,0.0,1.0,0.0,0.0,0.0,216250.0,4.0
986,0.0,1.0,0.0,0.0,0.0,0.0,0.0,0.0,1.0,71934.0,4.0
987,0.0,1.0,0.0,0.0,0.0,0.0,0.0,0.0,1.0,215235.0,4.0
988,0.0,0.0,1.0,0.0,1.0,0.0,0.0,0.0,0.0,248736.0,4.0
989,0.0,0.0,0.0,1.0,0.0,0.0,0.0,1.0,0.0,41735.0,4.0
990,0.0,0.0,0.0,1.0,0.0,0.0,0.0,0.0,1.0,173408.0,4.0
991,0.0,1.0,0.0,0.0,0.0,1.0,0.0,0.0,0.0,235985.0,4.0
992,0.0,1.0,0.0,0.0,0.0,0.0,1.0,0.0,0.0,54721.0,4.0
993,0.0,0.0,1.0,0.0,1.0,0.0,0.0,0.0,0.0,162523.0,4.0
994,1.0,0.0,0.0,0.0,0.0,1.0,0.0,0.0,0.0,163322.0,3.0
995,0.0,0.0,0.0,1.0,1.0,0.0,0.0,0.0,0.0,35820.0,4.0
996,0.0,0.0,1.0,0.0,0.0,0.0,0.0,0.0,1.0,155144.0,3.0
997,0.0,0.0,1.0,0.0,0.0,1.0,0.0,0.0,0.0,66604.0,4.0
998,0.0,1.0,0.0,0.0,0.0,0.0,0.0,0.0,1.0,215883.0,4.0
999,0.0,0.0,0.0,1.0,0.0,1.0,0.0,0.0,0.0,248360.0,4.0
